nome;período;homicidios-negros;homicidios-mulheres;homicidios-nao-negros;homicidios-de-jovens;homicidios-homens;homicidios-homens-nao-negros;homicidios-de-jovens-homens;homicidios-de-homens-por-armas-de-fogo;homicidio-de-jovens-por-armas-de-fogo;homicidios-mulheres-negras;homicidios;homicidios-de-jovens-mulheres;homicidios-mulheres-nao-negras;homicidios-homens-negros;homicidios-de-mulheres-por-armas-de-fogo;homicidios-por-armas-de-fogo
AC;1979;;;;;;;14;;;;;0;;;;13
AL;1979;;;;;;;104;;;;;6;;;;131
AM;1979;;;;;;;80;;;;;4;;;;55
AP;1979;;;;;;;7;;;;;1;;;;5
BA;1979;;;;;;;114;;;;;17;;;;116
CE;1979;;;;;;;128;;;;;17;;;;85
DF;1979;;;;;;;49;;;;;4;;;;28
ES;1979;;;;;;;93;;;;;11;;;;82
GO;1979;;;;;;;125;;;;;18;;;;163
MA;1979;;;;;;;30;;;;;5;;;;34
MG;1979;;;;;;;404;;;;;73;;;;435
MS;1979;;;;;;;52;;;;;6;;;;62
MT;1979;;;;;;;4;;;;;0;;;;2
PA;1979;;;;;;;127;;;;;19;;;;117
PB;1979;;;;;;;74;;;;;12;;;;71
PE;1979;;;;;;;346;;;;;41;;;;297
PI;1979;;;;;;;12;;;;;4;;;;7
PR;1979;;;;;;;276;;;;;38;;;;379
RJ;1979;;;;;;;1203;;;;;69;;;;1726
RN;1979;;;;;;;40;;;;;6;;;;46
RO;1979;;;;;;;35;;;;;3;;;;50
RR;1979;;;;;;;2;;;;;1;;;;2
RS;1979;;;;;;;226;;;;;20;;;;193
SC;1979;;;;;;;70;;;;;5;;;;79
SE;1979;;;;;;;21;;;;;4;;;;22
SP;1979;;;;;;;1061;;;;;135;;;;570
TO;1979;;;;;;;0;;;;;0;;;;0
AC;1980;;;;;;;14;;;;;2;;;;12
AL;1980;;;;;;;112;;;;;19;;;;148
AM;1980;;;;;;;64;;;;;9;;;;46
AP;1980;;;;;;;6;;;;;0;;;;2
BA;1980;;;;;;;112;;;;;18;;;;139
CE;1980;;;;;;;181;;;;;11;;;;159
DF;1980;;;;;;;67;;;;;7;;;;21
ES;1980;;;;;;;113;;;;;16;;;;122
GO;1980;;;;;;;155;;;;;28;;;;226
MA;1980;;;;;;;34;;;;;7;;;;29
MG;1980;;;;;;;444;;;;;51;;;;466
MS;1980;;;;;;;77;;;;;10;;;;118
MT;1980;;;;;;;12;;;;;1;;;;22
PA;1980;;;;;;;143;;;;;19;;;;169
PB;1980;;;;;;;106;;;;;13;;;;127
PE;1980;;;;;;;446;;;;;55;;;;613
PI;1980;;;;;;;25;;;;;3;;;;6
PR;1980;;;;;;;291;;;;;35;;;;367
RJ;1980;;;;;;;1531;;;;;104;;;;2093
RN;1980;;;;;;;75;;;;;5;;;;77
RO;1980;;;;;;;39;;;;;4;;;;67
RR;1980;;;;;;;3;;;;;2;;;;0
RS;1980;;;;;;;268;;;;;23;;;;227
SC;1980;;;;;;;103;;;;;11;;;;119
SE;1980;;;;;;;26;;;;;6;;;;30
SP;1980;;;;;;;1678;;;;;171;;;;699
TO;1980;;;;;;;0;;;;;0;;;;0
AC;1981;;;;;;;13;;;;;1;;;;8
AL;1981;;;;;;;121;;;;;27;;;;190
AM;1981;;;;;;;73;;;;;7;;;;52
AP;1981;;;;;;;9;;;;;2;;;;4
BA;1981;;;;;;;113;;;;;15;;;;124
CE;1981;;;;;;;194;;;;;23;;;;187
DF;1981;;;;;;;71;;;;;11;;;;81
ES;1981;;;;;;;149;;;;;28;;;;130
GO;1981;;;;;;;211;;;;;28;;;;268
MA;1981;;;;;;;58;;;;;6;;;;54
MG;1981;;;;;;;410;;;;;72;;;;374
MS;1981;;;;;;;81;;;;;14;;;;147
MT;1981;;;;;;;33;;;;;7;;;;38
PA;1981;;;;;;;144;;;;;25;;;;171
PB;1981;;;;;;;114;;;;;13;;;;133
PE;1981;;;;;;;567;;;;;69;;;;758
PI;1981;;;;;;;25;;;;;3;;;;23
PR;1981;;;;;;;323;;;;;37;;;;451
RJ;1981;;;;;;;1247;;;;;79;;;;1774
RN;1981;;;;;;;67;;;;;10;;;;80
RO;1981;;;;;;;39;;;;;7;;;;67
RR;1981;;;;;;;8;;;;;3;;;;2
RS;1981;;;;;;;298;;;;;29;;;;237
SC;1981;;;;;;;103;;;;;10;;;;105
SE;1981;;;;;;;32;;;;;3;;;;36
SP;1981;;;;;;;2166;;;;;176;;;;958
TO;1981;;;;;;;0;;;;;0;;;;0
AC;1982;;;;;;;16;;;;;2;;;;18
AL;1982;;;;;;;152;;;;;15;;;;185
AM;1982;;;;;;;68;;;;;8;;;;58
AP;1982;;;;;;;9;;;;;1;;;;8
BA;1982;;;;;;;164;;;;;36;;;;211
CE;1982;;;;;;;200;;;;;14;;;;149
DF;1982;;;;;;;98;;;;;6;;;;101
ES;1982;;;;;;;138;;;;;12;;;;114
GO;1982;;;;;;;211;;;;;29;;;;226
MA;1982;;;;;;;60;;;;;2;;;;62
MG;1982;;;;;;;395;;;;;61;;;;346
MS;1982;;;;;;;93;;;;;12;;;;154
MT;1982;;;;;;;17;;;;;2;;;;24
PA;1982;;;;;;;150;;;;;16;;;;176
PB;1982;;;;;;;100;;;;;16;;;;112
PE;1982;;;;;;;601;;;;;49;;;;788
PI;1982;;;;;;;32;;;;;4;;;;28
PR;1982;;;;;;;404;;;;;50;;;;488
RJ;1982;;;;;;;1088;;;;;70;;;;1575
RN;1982;;;;;;;85;;;;;5;;;;108
RO;1982;;;;;;;26;;;;;11;;;;79
RR;1982;;;;;;;10;;;;;2;;;;1
RS;1982;;;;;;;305;;;;;30;;;;256
SC;1982;;;;;;;83;;;;;14;;;;86
SE;1982;;;;;;;35;;;;;6;;;;34
SP;1982;;;;;;;2076;;;;;177;;;;926
TO;1982;;;;;;;0;;;;;0;;;;0
AC;1983;;;;;;;16;;;;;3;;;;12
AL;1983;;;;;;;203;;;;;24;;;;267
AM;1983;;;;;;;84;;;;;6;;;;60
AP;1983;;;;;;;19;;;;;4;;;;12
BA;1983;;;;;;;126;;;;;20;;;;154
CE;1983;;;;;;;263;;;;;22;;;;217
DF;1983;;;;;;;90;;;;;12;;;;93
ES;1983;;;;;;;135;;;;;20;;;;118
GO;1983;;;;;;;216;;;;;34;;;;239
MA;1983;;;;;;;53;;;;;5;;;;56
MG;1983;;;;;;;319;;;;;61;;;;339
MS;1983;;;;;;;101;;;;;11;;;;137
MT;1983;;;;;;;41;;;;;4;;;;51
PA;1983;;;;;;;211;;;;;34;;;;240
PB;1983;;;;;;;137;;;;;16;;;;120
PE;1983;;;;;;;699;;;;;90;;;;965
PI;1983;;;;;;;38;;;;;0;;;;37
PR;1983;;;;;;;398;;;;;36;;;;550
RJ;1983;;;;;;;874;;;;;70;;;;859
RN;1983;;;;;;;62;;;;;7;;;;88
RO;1983;;;;;;;42;;;;;7;;;;64
RR;1983;;;;;;;8;;;;;1;;;;2
RS;1983;;;;;;;293;;;;;21;;;;253
SC;1983;;;;;;;102;;;;;23;;;;121
SE;1983;;;;;;;34;;;;;5;;;;42
SP;1983;;;;;;;2916;;;;;254;;;;1317
TO;1983;;;;;;;0;;;;;0;;;;0
AC;1984;;;;;;;13;;;;;3;;;;13
AL;1984;;;;;;;185;;;;;18;;;;304
AM;1984;;;;;;;110;;;;;10;;;;83
AP;1984;;;;;;;14;;;;;3;;;;12
BA;1984;;;;;;;186;;;;;28;;;;248
CE;1984;;;;;;;274;;;;;16;;;;196
DF;1984;;;;;;;77;;;;;9;;;;74
ES;1984;;;;;;;143;;;;;21;;;;151
GO;1984;;;;;;;176;;;;;28;;;;241
MA;1984;;;;;;;62;;;;;6;;;;84
MG;1984;;;;;;;379;;;;;69;;;;437
MS;1984;;;;;;;126;;;;;20;;;;177
MT;1984;;;;;;;57;;;;;6;;;;68
PA;1984;;;;;;;212;;;;;24;;;;296
PB;1984;;;;;;;135;;;;;10;;;;147
PE;1984;;;;;;;801;;;;;66;;;;1154
PI;1984;;;;;;;34;;;;;4;;;;36
PR;1984;;;;;;;429;;;;;48;;;;473
RJ;1984;;;;;;;1145;;;;;85;;;;1315
RN;1984;;;;;;;62;;;;;3;;;;67
RO;1984;;;;;;;80;;;;;5;;;;106
RR;1984;;;;;;;9;;;;;1;;;;0
RS;1984;;;;;;;305;;;;;37;;;;258
SC;1984;;;;;;;102;;;;;12;;;;120
SE;1984;;;;;;;16;;;;;2;;;;23
SP;1984;;;;;;;3789;;;;;274;;;;1864
TO;1984;;;;;;;0;;;;;0;;;;0
AC;1985;;;;;;;27;;;;;2;;;;23
AL;1985;;;;;;;173;;;;;34;;;;281
AM;1985;;;;;;;84;;;;;9;;;;85
AP;1985;;;;;;;16;;;;;2;;;;15
BA;1985;;;;;;;216;;;;;27;;;;254
CE;1985;;;;;;;221;;;;;20;;;;163
DF;1985;;;;;;;131;;;;;12;;;;150
ES;1985;;;;;;;168;;;;;18;;;;209
GO;1985;;;;;;;187;;;;;33;;;;211
MA;1985;;;;;;;45;;;;;7;;;;74
MG;1985;;;;;;;384;;;;;66;;;;382
MS;1985;;;;;;;92;;;;;9;;;;123
MT;1985;;;;;;;81;;;;;17;;;;118
PA;1985;;;;;;;200;;;;;16;;;;265
PB;1985;;;;;;;160;;;;;21;;;;140
PE;1985;;;;;;;930;;;;;77;;;;1310
PI;1985;;;;;;;22;;;;;4;;;;23
PR;1985;;;;;;;338;;;;;46;;;;440
RJ;1985;;;;;;;1277;;;;;78;;;;1460
RN;1985;;;;;;;62;;;;;5;;;;68
RO;1985;;;;;;;104;;;;;13;;;;174
RR;1985;;;;;;;3;;;;;0;;;;3
RS;1985;;;;;;;283;;;;;37;;;;219
SC;1985;;;;;;;103;;;;;16;;;;116
SE;1985;;;;;;;22;;;;;5;;;;33
SP;1985;;;;;;;3883;;;;;279;;;;2010
TO;1985;;;;;;;0;;;;;0;;;;0
AC;1986;;;;;;;24;;;;;2;;;;25
AL;1986;;;;;;;197;;;;;19;;;;282
AM;1986;;;;;;;89;;;;;5;;;;75
AP;1986;;;;;;;15;;;;;2;;;;7
BA;1986;;;;;;;206;;;;;28;;;;284
CE;1986;;;;;;;230;;;;;27;;;;143
DF;1986;;;;;;;121;;;;;16;;;;148
ES;1986;;;;;;;192;;;;;22;;;;205
GO;1986;;;;;;;203;;;;;32;;;;285
MA;1986;;;;;;;107;;;;;8;;;;104
MG;1986;;;;;;;378;;;;;54;;;;379
MS;1986;;;;;;;111;;;;;16;;;;136
MT;1986;;;;;;;110;;;;;15;;;;172
PA;1986;;;;;;;226;;;;;28;;;;301
PB;1986;;;;;;;179;;;;;29;;;;195
PE;1986;;;;;;;966;;;;;64;;;;1400
PI;1986;;;;;;;31;;;;;2;;;;26
PR;1986;;;;;;;377;;;;;36;;;;396
RJ;1986;;;;;;;1243;;;;;90;;;;1399
RN;1986;;;;;;;39;;;;;1;;;;49
RO;1986;;;;;;;133;;;;;11;;;;216
RR;1986;;;;;;;8;;;;;1;;;;3
RS;1986;;;;;;;321;;;;;31;;;;309
SC;1986;;;;;;;100;;;;;5;;;;105
SE;1986;;;;;;;22;;;;;5;;;;33
SP;1986;;;;;;;4070;;;;;277;;;;2126
TO;1986;;;;;;;0;;;;;0;;;;0
AC;1987;;;;;;;42;;;;;9;;;;51
AL;1987;;;;;;;213;;;;;29;;;;274
AM;1987;;;;;;;103;;;;;9;;;;101
AP;1987;;;;;;;9;;;;;4;;;;9
BA;1987;;;;;;;258;;;;;21;;;;294
CE;1987;;;;;;;186;;;;;14;;;;141
DF;1987;;;;;;;155;;;;;19;;;;211
ES;1987;;;;;;;206;;;;;21;;;;232
GO;1987;;;;;;;236;;;;;42;;;;304
MA;1987;;;;;;;110;;;;;5;;;;116
MG;1987;;;;;;;378;;;;;56;;;;340
MS;1987;;;;;;;97;;;;;12;;;;173
MT;1987;;;;;;;124;;;;;14;;;;185
PA;1987;;;;;;;196;;;;;22;;;;310
PB;1987;;;;;;;149;;;;;21;;;;149
PE;1987;;;;;;;1045;;;;;65;;;;1482
PI;1987;;;;;;;33;;;;;1;;;;29
PR;1987;;;;;;;354;;;;;46;;;;450
RJ;1987;;;;;;;1977;;;;;96;;;;2680
RN;1987;;;;;;;55;;;;;5;;;;81
RO;1987;;;;;;;148;;;;;14;;;;218
RR;1987;;;;;;;3;;;;;2;;;;0
RS;1987;;;;;;;347;;;;;34;;;;335
SC;1987;;;;;;;117;;;;;15;;;;151
SE;1987;;;;;;;23;;;;;1;;;;22
SP;1987;;;;;;;4357;;;;;287;;;;2379
TO;1987;;;;;;;0;;;;;0;;;;0
AC;1988;;;;;;;31;;;;;3;;;;43
AL;1988;;;;;;;281;;;;;24;;;;342
AM;1988;;;;;;;110;;;;;15;;;;106
AP;1988;;;;;;;12;;;;;0;;;;5
BA;1988;;;;;;;390;;;;;35;;;;429
CE;1988;;;;;;;228;;;;;16;;;;175
DF;1988;;;;;;;160;;;;;11;;;;161
ES;1988;;;;;;;266;;;;;32;;;;265
GO;1988;;;;;;;285;;;;;41;;;;400
MA;1988;;;;;;;122;;;;;7;;;;141
MG;1988;;;;;;;388;;;;;60;;;;347
MS;1988;;;;;;;113;;;;;12;;;;172
MT;1988;;;;;;;138;;;;;9;;;;188
PA;1988;;;;;;;237;;;;;25;;;;337
PB;1988;;;;;;;155;;;;;25;;;;156
PE;1988;;;;;;;1046;;;;;62;;;;1510
PI;1988;;;;;;;49;;;;;4;;;;38
PR;1988;;;;;;;410;;;;;51;;;;455
RJ;1988;;;;;;;1528;;;;;91;;;;2028
RN;1988;;;;;;;82;;;;;8;;;;91
RO;1988;;;;;;;144;;;;;21;;;;210
RR;1988;;;;;;;21;;;;;5;;;;2
RS;1988;;;;;;;501;;;;;45;;;;510
SC;1988;;;;;;;115;;;;;17;;;;155
SE;1988;;;;;;;25;;;;;2;;;;31
SP;1988;;;;;;;4048;;;;;277;;;;2438
TO;1988;;;;;;;0;;;;;0;;;;0
AC;1989;;6.0;;56.0;89.0;;52;45.0;28.0;;95.0;4;;;3.0;48
AL;1989;;66.0;;339.0;739.0;;310;310.0;143.0;;805.0;29;;;21.0;331
AM;1989;;31.0;;161.0;289.0;;141;136.0;82.0;;321.0;20;;;9.0;146
AP;1989;;3.0;;29.0;36.0;;27;19.0;13.0;;39.0;2;;;1.0;20
BA;1989;;80.0;;574.0;1000.0;;527;562.0;327.0;;1086.0;46;;;23.0;591
CE;1989;;47.0;;299.0;560.0;;286;203.0;121.0;;607.0;13;;;13.0;216
DF;1989;;23.0;;185.0;308.0;;177;177.0;116.0;;331.0;8;;;5.0;182
ES;1989;;75.0;;349.0;763.0;;320;361.0;180.0;;845.0;29;;;29.0;395
GO;1989;;91.0;;344.0;717.0;;302;426.0;223.0;;810.0;41;;;44.0;471
MA;1989;;28.0;;174.0;382.0;;160;166.0;82.0;;411.0;13;;;10.0;176
MG;1989;;168.0;;546.0;1047.0;;479;384.0;223.0;;1216.0;67;;;47.0;432
MS;1989;;39.0;;168.0;330.0;;147;175.0;95.0;;371.0;21;;;20.0;197
MT;1989;;31.0;;180.0;440.0;;165;199.0;82.0;;471.0;15;;;8.0;207
PA;1989;;51.0;;303.0;615.0;;276;328.0;165.0;;666.0;27;;;28.0;356
PB;1989;;52.0;;193.0;409.0;;169;201.0;102.0;;461.0;24;;;21.0;222
PE;1989;;173.0;;1326.0;2379.0;;1235;1607.0;943.0;;2553.0;90;;;91.0;1698
PI;1989;;17.0;;68.0;125.0;;60;53.0;30.0;;142.0;8;;;7.0;60
PR;1989;;105.0;;501.0;1004.0;;455;457.0;255.0;;1112.0;45;;;39.0;498
RJ;1989;;304.0;;2310.0;3980.0;;2170;2772.0;1722.0;;4290.0;140;;;167.0;2942
RN;1989;;14.0;;113.0;222.0;;108;121.0;69.0;;236.0;5;;;3.0;124
RO;1989;;47.0;;188.0;443.0;;161;260.0;114.0;;490.0;27;;;25.0;285
RR;1989;;12.0;;61.0;100.0;;53;1.0;1.0;;113.0;8;;;0.0;1
RS;1989;;142.0;;806.0;1419.0;;744;755.0;447.0;;1561.0;62;;;41.0;796
SC;1989;;39.0;;168.0;315.0;;153;142.0;82.0;;354.0;15;;;15.0;157
SE;1989;;15.0;;64.0;124.0;;59;66.0;3946.0;;139.0;5;;;5.0;71
SP;1989;;671.0;;5522.0;8508.0;;5186;2668.0;1821.0;;9179.0;336;;;154.0;2822
TO;1989;;14.0;;22.0;49.0;;15;30.0;13.0;;63.0;7;;;6.0;36
AC;1990;;6.0;;33.0;58.0;;29;29.0;18.0;;64.0;4;;;4.0;33
AL;1990;;55.0;;284.0;663.0;;263;261.0;116.0;;719.0;20;;;12.0;273
AM;1990;;31.0;;207.0;332.0;;193;184.0;119.0;;367.0;14;;;14.0;201
AP;1990;;5.0;;22.0;40.0;;18;14.0;11.0;;46.0;3;;;2.0;17
BA;1990;;77.0;;437.0;782.0;;406;486.0;289.0;;867.0;30;;;31.0;523
CE;1990;;45.0;;253.0;510.0;;230;219.0;126.0;;555.0;23;;;23.0;242
DF;1990;;40.0;;251.0;423.0;;234;259.0;159.0;;463.0;17;;;19.0;278
ES;1990;;88.0;;384.0;791.0;;344;382.0;215.0;;881.0;40;;;37.0;419
GO;1990;;58.0;;309.0;620.0;;277;349.0;180.0;;681.0;32;;;29.0;380
MA;1990;;32.0;;199.0;410.0;;182;180.0;86.0;;442.0;17;;;14.0;194
MG;1990;;148.0;;520.0;1029.0;;457;444.0;240.0;;1178.0;63;;;50.0;494
MS;1990;;40.0;;156.0;306.0;;137;146.0;72.0;;348.0;19;;;16.0;162
MT;1990;;39.0;;155.0;376.0;;139;164.0;66.0;;415.0;16;;;16.0;180
PA;1990;;78.0;;376.0;669.0;;337;424.0;242.0;;748.0;39;;;35.0;459
PB;1990;;41.0;;185.0;399.0;;172;206.0;95.0;;440.0;13;;;18.0;224
PE;1990;;219.0;;1377.0;2522.0;;1275;1616.0;955.0;;2742.0;101;;;111.0;1728
PI;1990;;5.0;;52.0;104.0;;50;32.0;16.0;;109.0;2;;;1.0;33
PR;1990;;125.0;;537.0;1041.0;;483;488.0;279.0;;1167.0;54;;;50.0;538
RJ;1990;;477.0;;3833.0;6614.0;;3616;5236.0;3172.0;;7101.0;215;;;312.0;5557
RN;1990;;20.0;;92.0;180.0;;85;108.0;58.0;;200.0;7;;;9.0;117
RO;1990;;37.0;;223.0;517.0;;202;278.0;130.0;;555.0;21;;;14.0;293
RR;1990;;20.0;;63.0;107.0;;52;8.0;3.0;;127.0;11;;;1.0;9
RS;1990;;157.0;;886.0;1547.0;;826;917.0;551.0;;1704.0;60;;;81.0;998
SC;1990;;46.0;;158.0;341.0;;140;150.0;77.0;;388.0;18;;;17.0;167
SE;1990;;13.0;;88.0;138.0;;80;69.0;5488.0;;151.0;8;;;6.0;75
SP;1990;;679.0;;5640.0;8824.0;;5300;2784.0;1861.0;;9503.0;340;;;185.0;2969
TO;1990;;7.0;;22.0;47.0;;19;21.0;10.0;;54.0;3;;;4.0;25
AC;1991;;9.0;;59.0;97.0;;53;56.0;38.0;;106.0;6;;;7.0;63
AL;1991;;67.0;;239.0;590.0;;219;234.0;99.0;;665.0;19;;;18.0;257
AM;1991;;18.0;;241.0;384.0;;231;222.0;141.0;;403.0;10;;;11.0;233
AP;1991;;5.0;;30.0;49.0;;28;17.0;9.0;;54.0;2;;;2.0;19
BA;1991;;64.0;;266.0;528.0;;236;245.0;128.0;;596.0;29;;;20.0;266
CE;1991;;53.0;;303.0;554.0;;281;227.0;139.0;;607.0;22;;;15.0;242
DF;1991;;52.0;;293.0;437.0;;272;291.0;209.0;;489.0;21;;;23.0;314
ES;1991;;95.0;;413.0;872.0;;377;440.0;229.0;;968.0;36;;;32.0;473
GO;1991;;110.0;;397.0;741.0;;346;396.0;222.0;;852.0;51;;;44.0;440
MA;1991;;54.0;;227.0;416.0;;200;182.0;118.0;;470.0;27;;;21.0;203
MG;1991;;159.0;;541.0;1071.0;;480;472.0;269.0;;1232.0;60;;;43.0;516
MS;1991;;47.0;;167.0;338.0;;142;191.0;106.0;;388.0;24;;;24.0;218
MT;1991;;49.0;;172.0;403.0;;146;201.0;98.0;;452.0;26;;;26.0;227
PA;1991;;72.0;;380.0;737.0;;344;448.0;232.0;;810.0;36;;;42.0;491
PB;1991;;40.0;;183.0;361.0;;170;158.0;79.0;;401.0;13;;;22.0;180
PE;1991;;232.0;;1426.0;2706.0;;1325;1878.0;1046.0;;2944.0;100;;;125.0;2008
PI;1991;;11.0;;43.0;92.0;;37;28.0;15.0;;103.0;6;;;3.0;31
PR;1991;;149.0;;519.0;1073.0;;459;510.0;266.0;;1225.0;60;;;52.0;562
RJ;1991;;370.0;;2640.0;4672.0;;2484;3736.0;2207.0;;5055.0;154;;;235.0;3979
RN;1991;;17.0;;119.0;202.0;;110;103.0;65.0;;219.0;9;;;6.0;109
RO;1991;;33.0;;196.0;455.0;;184;247.0;108.0;;491.0;11;;;17.0;265
RR;1991;;9.0;;33.0;70.0;;28;15.0;9.0;;79.0;5;;;3.0;18
RS;1991;;156.0;;823.0;1538.0;;755;1031.0;573.0;;1694.0;68;;;86.0;1117
SC;1991;;38.0;;147.0;317.0;;131;148.0;82.0;;355.0;16;;;17.0;165
SE;1991;;21.0;;131.0;287.0;;118;168.0;4677.0;;317.0;13;;;8.0;179
SP;1991;;789.0;;5601.0;8896.0;;5227;2912.0;1972.0;;9685.0;374;;;226.0;3138
TO;1991;;9.0;;33.0;83.0;;30;43.0;17.0;;92.0;3;;;3.0;46
AC;1992;;13.0;;61.0;94.0;;51;46.0;34.0;;107.0;10;;;7.0;53
AL;1992;;53.0;;243.0;538.0;;219;267.0;131.0;;591.0;24;;;17.0;284
AM;1992;;26.0;;178.0;321.0;;170;157.0;81.0;;351.0;8;;;7.0;168
AP;1992;;4.0;;43.0;69.0;;41;35.0;24.0;;73.0;2;;;3.0;38
BA;1992;;79.0;;405.0;758.0;;369;401.0;237.0;;840.0;36;;;26.0;428
CE;1992;;42.0;;265.0;493.0;;244;187.0;102.0;;537.0;20;;;14.0;202
DF;1992;;40.0;;245.0;384.0;;231;255.0;172.0;;424.0;14;;;16.0;271
ES;1992;;85.0;;361.0;751.0;;322;349.0;196.0;;839.0;39;;;31.0;381
GO;1992;;125.0;;340.0;703.0;;288;361.0;189.0;;828.0;52;;;56.0;417
MA;1992;;30.0;;162.0;395.0;;149;192.0;74.0;;427.0;13;;;15.0;209
MG;1992;;154.0;;481.0;972.0;;418;435.0;231.0;;1131.0;62;;;51.0;488
MS;1992;;58.0;;181.0;365.0;;153;206.0;107.0;;423.0;28;;;29.0;235
MT;1992;;35.0;;144.0;316.0;;126;144.0;70.0;;355.0;17;;;11.0;158
PA;1992;;56.0;;353.0;701.0;;325;436.0;221.0;;759.0;27;;;31.0;468
PB;1992;;36.0;;165.0;319.0;;150;194.0;101.0;;355.0;15;;;24.0;218
PE;1992;;171.0;;1093.0;2352.0;;1013;1621.0;794.0;;2531.0;75;;;93.0;1719
PI;1992;;10.0;;41.0;82.0;;37;28.0;15.0;;92.0;4;;;2.0;30
PR;1992;;116.0;;486.0;971.0;;440;507.0;269.0;;1092.0;42;;;47.0;554
RJ;1992;;319.0;;2257.0;4212.0;;2132;3358.0;1896.0;;4536.0;125;;;219.0;3580
RN;1992;;15.0;;92.0;184.0;;85;101.0;57.0;;199.0;7;;;9.0;110
RO;1992;;35.0;;140.0;360.0;;121;215.0;89.0;;395.0;19;;;14.0;229
RR;1992;;9.0;;47.0;86.0;;43;47.0;23.0;;95.0;4;;;5.0;52
RS;1992;;161.0;;740.0;1409.0;;678;934.0;516.0;;1570.0;62;;;101.0;1035
SC;1992;;50.0;;157.0;311.0;;145;141.0;74.0;;361.0;12;;;10.0;151
SE;1992;;28.0;;212.0;420.0;;199;295.0;4164.0;;461.0;9;;;7.0;312
SP;1992;;644.0;;5285.0;8472.0;;5002;2794.0;1841.0;;9116.0;283;;;161.0;2955
TO;1992;;5.0;;23.0;60.0;;21;37.0;14.0;;67.0;2;;;3.0;40
AC;1993;;12.0;;66.0;101.0;;62;55.0;36.0;;116.0;3;;;5.0;61
AL;1993;;50.0;;238.0;569.0;;223;322.0;147.0;;619.0;15;;;29.0;351
AM;1993;;33.0;;186.0;316.0;;169;161.0;96.0;;350.0;17;;;10.0;172
AP;1993;;5.0;;36.0;61.0;;34;37.0;26.0;;66.0;2;;;2.0;39
BA;1993;;120.0;;825.0;1364.0;;775;945.0;618.0;;1503.0;46;;;54.0;1013
CE;1993;;61.0;;360.0;640.0;;330;249.0;164.0;;702.0;30;;;21.0;270
DF;1993;;49.0;;319.0;503.0;;296;335.0;234.0;;553.0;23;;;27.0;362
ES;1993;;101.0;;516.0;995.0;;466;522.0;295.0;;1098.0;50;;;33.0;555
GO;1993;;96.0;;317.0;636.0;;266;327.0;188.0;;734.0;51;;;47.0;375
MA;1993;;33.0;;165.0;359.0;;150;161.0;68.0;;394.0;15;;;10.0;173
MG;1993;;181.0;;533.0;1028.0;;472;466.0;281.0;;1211.0;61;;;68.0;535
MS;1993;;39.0;;180.0;413.0;;165;236.0;113.0;;457.0;14;;;18.0;257
MT;1993;;31.0;;158.0;325.0;;138;159.0;81.0;;356.0;20;;;11.0;170
PA;1993;;46.0;;290.0;577.0;;269;345.0;169.0;;623.0;21;;;20.0;365
PB;1993;;26.0;;168.0;337.0;;157;192.0;94.0;;365.0;10;;;13.0;205
PE;1993;;218.0;;1416.0;2543.0;;1318;1774.0;1090.0;;2763.0;96;;;118.0;1893
PI;1993;;13.0;;55.0;104.0;;47;26.0;19.0;;117.0;8;;;4.0;30
PR;1993;;138.0;;567.0;1099.0;;505;586.0;320.0;;1237.0;62;;;53.0;639
RJ;1993;;381.0;;2557.0;4972.0;;2431;4062.0;2197.0;;5367.0;124;;;256.0;4326
RN;1993;;21.0;;128.0;222.0;;119;137.0;81.0;;243.0;9;;;14.0;151
RO;1993;;55.0;;208.0;439.0;;183;256.0;125.0;;498.0;23;;;24.0;280
RR;1993;;4.0;;26.0;63.0;;22;39.0;16.0;;69.0;3;;;3.0;43
RS;1993;;113.0;;565.0;1064.0;;516;637.0;369.0;;1177.0;49;;;50.0;687
SC;1993;;34.0;;159.0;337.0;;146;163.0;81.0;;371.0;13;;;12.0;175
SE;1993;;25.0;;159.0;286.0;;151;155.0;5077.0;;312.0;8;;;10.0;165
SP;1993;;726.0;;5183.0;8498.0;;4858;3451.0;2304.0;;9224.0;325;;;232.0;3683
TO;1993;;12.0;;37.0;81.0;;30;24.0;12.0;;93.0;7;;;3.0;27
AC;1994;;11.0;;48.0;77.0;;43;36.0;23.0;;88.0;5;;;5.0;41
AL;1994;;48.0;;257.0;567.0;;236;360.0;166.0;;615.0;21;;;24.0;384
AM;1994;;27.0;;231.0;359.0;;218;171.0;110.0;;387.0;13;;;13.0;184
AP;1994;;16.0;;69.0;109.0;;63;49.0;33.0;;125.0;6;;;4.0;53
BA;1994;;180.0;;963.0;1551.0;;880;1073.0;716.0;;1739.0;82;;;88.0;1164
CE;1994;;59.0;;308.0;573.0;;284;238.0;123.0;;636.0;22;;;21.0;260
DF;1994;;50.0;;322.0;505.0;;301;354.0;250.0;;556.0;21;;;33.0;387
ES;1994;;108.0;;517.0;1053.0;;476;549.0;300.0;;1166.0;41;;;46.0;596
GO;1994;;93.0;;363.0;681.0;;327;401.0;227.0;;774.0;36;;;41.0;442
MA;1994;;24.0;;136.0;289.0;;130;114.0;65.0;;314.0;6;;;6.0;121
MG;1994;;170.0;;525.0;941.0;;448;409.0;256.0;;1118.0;74;;;50.0;460
MS;1994;;48.0;;233.0;472.0;;208;264.0;138.0;;522.0;24;;;19.0;283
MT;1994;;20.0;;113.0;296.0;;109;138.0;56.0;;316.0;4;;;7.0;145
PA;1994;;59.0;;362.0;657.0;;333;377.0;217.0;;716.0;29;;;36.0;413
PB;1994;;28.0;;204.0;354.0;;193;172.0;98.0;;385.0;9;;;16.0;188
PE;1994;;191.0;;1381.0;2399.0;;1300;1784.0;1068.0;;2593.0;80;;;113.0;1897
PI;1994;;10.0;;54.0;89.0;;49;31.0;19.0;;99.0;5;;;1.0;32
PR;1994;;130.0;;570.0;1130.0;;516;650.0;356.0;;1260.0;54;;;58.0;708
RJ;1994;;491.0;;3091.0;5922.0;;2909;5080.0;2779.0;;6420.0;181;;;344.0;5430
RN;1994;;19.0;;107.0;191.0;;99;111.0;66.0;;211.0;7;;;6.0;117
RO;1994;;37.0;;169.0;360.0;;153;202.0;95.0;;399.0;16;;;17.0;221
RR;1994;;6.0;;31.0;72.0;;29;47.0;18.0;;78.0;2;;;2.0;49
RS;1994;;138.0;;644.0;1196.0;;588;720.0;426.0;;1334.0;56;;;70.0;790
SC;1994;;45.0;;150.0;301.0;;131;145.0;71.0;;346.0;19;;;9.0;154
SE;1994;;32.0;;181.0;307.0;;167;190.0;5980.0;;344.0;14;;;21.0;213
SP;1994;;787.0;;5915.0;9194.0;;5546;3868.0;2645.0;;9981.0;369;;;259.0;4127
TO;1994;;13.0;;50.0;95.0;;42;25.0;12.0;;109.0;8;;;5.0;30
AC;1995;;16.0;;52.0;86.0;;47;48.0;32.0;;103.0;5;;;9.0;57
AL;1995;;62.0;;291.0;680.0;;262;447.0;203.0;;742.0;29;;;38.0;485
AM;1995;;42.0;;242.0;383.0;;221;170.0;113.0;;425.0;21;;;14.0;184
AP;1995;;11.0;;72.0;113.0;;70;54.0;34.0;;124.0;2;;;3.0;57
BA;1995;;165.0;;783.0;1360.0;;723;978.0;604.0;;1536.0;57;;;79.0;1067
CE;1995;;55.0;;424.0;790.0;;406;341.0;195.0;;845.0;18;;;18.0;359
DF;1995;;57.0;;358.0;572.0;;329;417.0;288.0;;629.0;29;;;27.0;444
ES;1995;;123.0;;569.0;1031.0;;512;557.0;347.0;;1154.0;57;;;53.0;610
GO;1995;;129.0;;345.0;652.0;;291;376.0;208.0;;784.0;54;;;61.0;439
MA;1995;;40.0;;173.0;344.0;;154;152.0;79.0;;385.0;19;;;10.0;163
MG;1995;;145.0;;566.0;1057.0;;511;558.0;325.0;;1214.0;52;;;46.0;607
MS;1995;;51.0;;283.0;582.0;;264;388.0;208.0;;636.0;18;;;22.0;411
MT;1995;;66.0;;214.0;516.0;;181;297.0;112.0;;583.0;33;;;25.0;322
PA;1995;;59.0;;321.0;641.0;;300;362.0;183.0;;700.0;21;;;25.0;387
PB;1995;;66.0;;235.0;391.0;;198;210.0;131.0;;457.0;37;;;29.0;239
PE;1995;;205.0;;1372.0;2498.0;;1274;1942.0;1127.0;;2706.0;96;;;128.0;2073
PI;1995;;19.0;;53.0;95.0;;44;40.0;28.0;;114.0;9;;;7.0;47
PR;1995;;163.0;;666.0;1223.0;;595;748.0;445.0;;1387.0;71;;;79.0;827
RJ;1995;;587.0;;4129.0;7617.0;;3914;6240.0;3567.0;;8218.0;214;;;408.0;6659
RN;1995;;30.0;;106.0;217.0;;97;127.0;66.0;;247.0;9;;;15.0;142
RO;1995;;37.0;;132.0;292.0;;122;147.0;79.0;;330.0;10;;;12.0;160
RR;1995;;8.0;;46.0;79.0;;41;49.0;28.0;;87.0;5;;;1.0;50
RS;1995;;151.0;;668.0;1288.0;;604;884.0;494.0;;1439.0;64;;;89.0;973
SC;1995;;48.0;;175.0;372.0;;155;197.0;94.0;;420.0;20;;;21.0;218
SE;1995;;27.0;;124.0;227.0;;113;121.0;7333.0;;255.0;11;;;10.0;132
SP;1995;;959.0;;6486.0;10596.0;;6030;4791.0;3094.0;;11555.0;456;;;368.0;5159
TO;1995;;5.0;;39.0;72.0;;35;32.0;15.0;;77.0;4;;;3.0;35
AC;1996;0.0;15.0;1.0;49.0;89.0;1.0;42;56.0;28.0;0.0;104.0;7;0.0;0.0;5.0;61
AL;1996;0.0;70.0;0.0;327.0;671.0;0.0;295;472.0;233.0;0.0;741.0;32;0.0;0.0;43.0;515
AM;1996;0.0;33.0;0.0;261.0;417.0;0.0;245;204.0;132.0;0.0;450.0;16;0.0;0.0;16.0;220
AP;1996;0.0;16.0;0.0;91.0;141.0;0.0;80;80.0;54.0;0.0;157.0;11;0.0;0.0;9.0;89
BA;1996;0.0;176.0;0.0;1001.0;1707.0;0.0;918;1368.0;854.0;0.0;1883.0;83;0.0;0.0;120.0;1488
CE;1996;0.0;84.0;0.0;443.0;793.0;0.0;405;320.0;192.0;0.0;885.0;36;0.0;0.0;29.0;351
DF;1996;0.0;52.0;0.0;335.0;562.0;0.0;308;402.0;268.0;0.0;615.0;27;0.0;0.0;32.0;435
ES;1996;0.0;123.0;0.0;573.0;1067.0;0.0;518;597.0;351.0;0.0;1191.0;54;0.0;0.0;63.0;661
GO;1996;0.0;119.0;0.0;346.0;663.0;0.0;291;403.0;223.0;0.0;782.0;55;0.0;0.0;66.0;469
MA;1996;0.0;31.0;0.0;162.0;330.0;0.0;148;174.0;88.0;0.0;363.0;14;0.0;0.0;12.0;187
MG;1996;0.0;185.0;2.0;579.0;1075.0;2.0;501;559.0;336.0;0.0;1261.0;77;0.0;0.0;87.0;647
MS;1996;0.0;79.0;0.0;318.0;642.0;0.0;285;418.0;223.0;0.0;722.0;33;0.0;0.0;49.0;468
MT;1996;0.0;87.0;0.0;269.0;568.0;0.0;229;386.0;196.0;0.0;660.0;39;0.0;0.0;38.0;427
PA;1996;0.0;78.0;1.0;348.0;622.0;1.0;310;318.0;174.0;0.0;700.0;38;0.0;0.0;31.0;349
PB;1996;0.0;106.0;0.0;302.0;530.0;0.0;259;234.0;148.0;0.0;636.0;43;0.0;0.0;41.0;275
PE;1996;0.0;245.0;1.0;1529.0;2773.0;1.0;1442;2172.0;1272.0;0.0;3022.0;84;0.0;0.0;150.0;2325
PI;1996;0.0;14.0;0.0;50.0;102.0;0.0;48;38.0;20.0;0.0;117.0;2;0.0;0.0;2.0;40
PR;1996;0.0;154.0;0.0;676.0;1225.0;0.0;599;714.0;438.0;0.0;1379.0;77;0.0;0.0;73.0;787
RJ;1996;0.0;651.0;1.0;3998.0;7369.0;1.0;3747;5581.0;3157.0;0.0;8034.0;248;0.0;0.0;428.0;6017
RN;1996;0.0;35.0;0.0;113.0;206.0;0.0;98;131.0;69.0;0.0;241.0;15;0.0;0.0;12.0;143
RO;1996;0.0;43.0;0.0;105.0;256.0;0.0;89;171.0;69.0;0.0;301.0;16;0.0;0.0;24.0;196
RR;1996;0.0;18.0;0.0;51.0;89.0;0.0;42;45.0;22.0;0.0;107.0;9;0.0;0.0;5.0;50
RS;1996;0.0;192.0;0.0;677.0;1290.0;0.0;593;886.0;492.0;0.0;1482.0;84;0.0;0.0;111.0;997
SC;1996;0.0;67.0;1.0;182.0;345.0;1.0;154;187.0;108.0;0.0;412.0;28;0.0;0.0;26.0;213
SE;1996;0.0;30.0;0.0;121.0;207.0;0.0;108;137.0;7017.0;0.0;238.0;13;0.0;0.0;14.0;152
SP;1996;359.0;959.0;1696.0;6808.0;11361.0;1553.0;6377;5022.0;3173.0;24.0;12320.0;431;143.0;335.0;343.0;5365
TO;1996;0.0;21.0;0.0;53.0;105.0;0.0;48;43.0;23.0;0.0;126.0;5;0.0;0.0;6.0;49
AC;1997;6.0;14.0;7.0;59.0;86.0;7.0;55;49.0;37.0;3.0;100.0;4;0.0;3.0;6.0;55
AL;1997;132.0;62.0;47.0;258.0;580.0;43.0;225;436.0;196.0;8.0;642.0;33;4.0;124.0;43.0;479
AM;1997;380.0;33.0;40.0;277.0;433.0;36.0;257;187.0;124.0;25.0;468.0;19;4.0;353.0;13.0;202
AP;1997;80.0;12.0;15.0;85.0;128.0;13.0;80;51.0;31.0;7.0;140.0;5;2.0;73.0;6.0;57
BA;1997;131.0;175.0;18.0;1093.0;1805.0;14.0;1013;1328.0;850.0;11.0;1981.0;80;4.0;120.0;98.0;1426
CE;1997;298.0;85.0;62.0;495.0;941.0;55.0;462;417.0;250.0;20.0;1026.0;33;7.0;278.0;31.0;448
DF;1997;419.0;48.0;83.0;349.0;565.0;73.0;328;402.0;282.0;31.0;613.0;21;10.0;388.0;30.0;432
ES;1997;283.0;128.0;121.0;725.0;1287.0;105.0;667;887.0;526.0;20.0;1416.0;58;16.0;262.0;67.0;955
GO;1997;137.0;94.0;81.0;327.0;646.0;68.0;293;387.0;207.0;16.0;744.0;32;13.0;121.0;42.0;431
MA;1997;189.0;46.0;41.0;149.0;285.0;33.0;132;127.0;71.0;18.0;333.0;17;8.0;170.0;19.0;148
MG;1997;579.0;179.0;311.0;601.0;1168.0;262.0;532;656.0;387.0;60.0;1347.0;69;49.0;519.0;72.0;728
MS;1997;1.0;71.0;3.0;307.0;652.0;3.0;285;453.0;232.0;0.0;729.0;22;0.0;1.0;38.0;495
MT;1997;235.0;88.0;113.0;302.0;673.0;91.0;268;398.0;189.0;23.0;766.0;34;21.0;212.0;36.0;437
PA;1997;260.0;76.0;30.0;386.0;678.0;28.0;359;371.0;211.0;23.0;754.0;27;2.0;237.0;36.0;407
PB;1997;75.0;42.0;27.0;247.0;449.0;26.0;225;299.0;166.0;8.0;492.0;21;1.0;67.0;27.0;327
PE;1997;624.0;243.0;347.0;2057.0;3463.0;313.0;1954;2850.0;1779.0;37.0;3713.0;98;33.0;586.0;145.0;3000
PI;1997;84.0;13.0;16.0;72.0;129.0;13.0;68;42.0;19.0;8.0;142.0;4;3.0;76.0;4.0;46
PR;1997;70.0;157.0;364.0;718.0;1424.0;328.0;651;832.0;463.0;4.0;1581.0;67;36.0;66.0;64.0;896
RJ;1997;4238.0;646.0;2468.0;4144.0;7298.0;2217.0;3901;5746.0;3413.0;294.0;7954.0;243;250.0;3940.0;408.0;6161
RN;1997;128.0;27.0;66.0;124.0;208.0;54.0;114;139.0;89.0;10.0;235.0;10;12.0;118.0;14.0;153
RO;1997;51.0;33.0;40.0;154.0;322.0;32.0;137;186.0;92.0;4.0;355.0;17;8.0;47.0;20.0;206
RR;1997;15.0;10.0;6.0;42.0;80.0;5.0;37;37.0;23.0;2.0;90.0;5;1.0;13.0;3.0;40
RS;1997;255.0;190.0;1225.0;765.0;1458.0;1081.0;694;1029.0;580.0;23.0;1648.0;71;144.0;232.0;118.0;1147
SC;1997;11.0;51.0;123.0;173.0;372.0;111.0;156;205.0;97.0;1.0;423.0;17;12.0;10.0;20.0;225
SE;1997;50.0;18.0;17.0;106.0;172.0;14.0;97;109.0;7600.0;3.0;190.0;9;3.0;47.0;8.0;117
SP;1997;2206.0;1028.0;2945.0;7036.0;11509.0;2671.0;6534;4973.0;3274.0;151.0;12537.0;502;274.0;2055.0;404.0;5377
TO;1997;33.0;19.0;24.0;47.0;93.0;21.0;40;46.0;26.0;4.0;112.0;7;3.0;29.0;4.0;50
AC;1998;22.0;12.0;11.0;59.0;98.0;10.0;55;53.0;34.0;1.0;110.0;4;1.0;21.0;5.0;58
AL;1998;234.0;45.0;55.0;260.0;537.0;47.0;234;386.0;192.0;18.0;582.0;26;8.0;216.0;28.0;414
AM;1998;449.0;52.0;28.0;342.0;481.0;26.0;309;206.0;139.0;45.0;534.0;33;2.0;404.0;22.0;228
AP;1998;143.0;12.0;11.0;97.0;148.0;8.0;92;64.0;43.0;9.0;160.0;5;3.0;134.0;7.0;71
BA;1998;273.0;101.0;47.0;656.0;1169.0;44.0;616;760.0;462.0;24.0;1271.0;39;3.0;248.0;38.0;799
CE;1998;316.0;56.0;108.0;474.0;889.0;97.0;447;457.0;251.0;11.0;946.0;27;11.0;305.0;26.0;483
DF;1998;452.0;54.0;86.0;381.0;579.0;73.0;354;439.0;316.0;37.0;633.0;27;13.0;415.0;35.0;474
ES;1998;360.0;163.0;178.0;880.0;1508.0;156.0;816;1066.0;669.0;32.0;1675.0;64;22.0;328.0;93.0;1161
GO;1998;193.0;76.0;84.0;325.0;616.0;71.0;294;390.0;217.0;12.0;704.0;24;12.0;180.0;36.0;434
MA;1998;196.0;30.0;34.0;131.0;247.0;29.0;118;121.0;68.0;18.0;278.0;13;5.0;177.0;9.0;130
MG;1998;792.0;201.0;420.0;729.0;1310.0;363.0;648;788.0;480.0;92.0;1511.0;81;57.0;700.0;77.0;865
MS;1998;10.0;73.0;13.0;306.0;595.0;10.0;268;376.0;210.0;2.0;670.0;38;3.0;8.0;41.0;418
MT;1998;411.0;93.0;200.0;356.0;737.0;176.0;311;490.0;255.0;46.0;832.0;44;23.0;364.0;46.0;537
PA;1998;517.0;67.0;66.0;438.0;707.0;56.0;410;407.0;240.0;45.0;774.0;28;10.0;472.0;29.0;436
PB;1998;87.0;41.0;31.0;239.0;414.0;25.0;215;267.0;165.0;5.0;455.0;24;6.0;82.0;24.0;291
PE;1998;1171.0;277.0;545.0;2560.0;4141.0;485.0;2437;3453.0;2221.0;65.0;4423.0;122;60.0;1106.0;196.0;3651
PI;1998;90.0;20.0;20.0;74.0;119.0;15.0;66;35.0;23.0;12.0;140.0;8;5.0;78.0;4.0;40
PR;1998;254.0;178.0;944.0;762.0;1447.0;827.0;693;893.0;513.0;22.0;1625.0;69;117.0;232.0;68.0;961
RJ;1998;3891.0;560.0;2452.0;4008.0;7000.0;2246.0;3783;5570.0;3328.0;255.0;7573.0;223;202.0;3631.0;398.0;5978
RN;1998;126.0;20.0;45.0;124.0;202.0;37.0;115;131.0;83.0;7.0;222.0;9;8.0;119.0;9.0;140
RO;1998;112.0;45.0;83.0;209.0;449.0;72.0;189;290.0;141.0;7.0;494.0;20;11.0;105.0;21.0;311
RR;1998;100.0;12.0;23.0;64.0;122.0;20.0;59;46.0;31.0;9.0;134.0;5;3.0;91.0;7.0;53
RS;1998;261.0;181.0;1156.0;716.0;1343.0;1019.0;641;958.0;546.0;30.0;1524.0;75;137.0;231.0;100.0;1058
SC;1998;36.0;69.0;223.0;176.0;345.0;179.0;148;171.0;95.0;2.0;414.0;28;44.0;34.0;27.0;198
SE;1998;84.0;13.0;14.0;87.0;162.0;12.0;84;99.0;8310.0;5.0;175.0;3;2.0;79.0;6.0;105
SP;1998;5785.0;1034.0;6864.0;8020.0;12952.0;6291.0;7502;5920.0;3833.0;351.0;13986.0;518;573.0;5434.0;382.0;6302
TO;1998;65.0;19.0;37.0;51.0;110.0;33.0;41;65.0;30.0;12.0;129.0;10;4.0;53.0;13.0;78
AC;1999;17.0;7.0;15.0;26.0;44.0;12.0;22;12.0;6.0;2.0;51.0;4;3.0;15.0;2.0;14
AL;1999;368.0;55.0;54.0;273.0;499.0;47.0;252;353.0;202.0;30.0;554.0;21;7.0;338.0;29.0;382
AM;1999;467.0;51.0;38.0;316.0;475.0;33.0;292;203.0;137.0;45.0;527.0;24;4.0;422.0;19.0;222
AP;1999;179.0;17.0;11.0;124.0;175.0;10.0;113;55.0;41.0;16.0;192.0;11;1.0;163.0;5.0;60
BA;1999;346.0;88.0;97.0;475.0;823.0;88.0;442;520.0;313.0;41.0;913.0;33;9.0;305.0;31.0;551
CE;1999;552.0;91.0;164.0;512.0;1012.0;145.0;478;497.0;262.0;34.0;1104.0;34;19.0;518.0;31.0;528
DF;1999;480.0;60.0;98.0;402.0;598.0;83.0;371;420.0;310.0;40.0;659.0;31;15.0;440.0;34.0;454
ES;1999;599.0;128.0;230.0;815.0;1396.0;208.0;752;1041.0;664.0;45.0;1524.0;63;22.0;554.0;80.0;1121
GO;1999;274.0;117.0;188.0;416.0;733.0;148.0;366;472.0;290.0;28.0;853.0;50;40.0;245.0;60.0;534
MA;1999;149.0;27.0;41.0;113.0;233.0;37.0;105;95.0;44.0;14.0;262.0;7;3.0;135.0;7.0;102
MG;1999;842.0;222.0;437.0;792.0;1373.0;368.0;693;650.0;413.0;110.0;1596.0;98;69.0;732.0;74.0;725
MS;1999;137.0;63.0;156.0;264.0;508.0;137.0;240;315.0;169.0;13.0;571.0;24;19.0;124.0;36.0;351
MT;1999;421.0;71.0;223.0;337.0;751.0;200.0;304;441.0;218.0;34.0;822.0;33;23.0;387.0;35.0;476
PA;1999;494.0;39.0;67.0;314.0;601.0;66.0;297;325.0;175.0;31.0;642.0;16;1.0;462.0;18.0;344
PB;1999;118.0;34.0;47.0;202.0;369.0;34.0;189;237.0;138.0;7.0;403.0;13;13.0;111.0;19.0;256
PE;1999;2329.0;265.0;583.0;2414.0;3949.0;528.0;2282;3401.0;2166.0;143.0;4217.0;130;55.0;2186.0;206.0;3610
PI;1999;91.0;7.0;18.0;75.0;126.0;18.0;71;55.0;33.0;6.0;133.0;4;0.0;85.0;1.0;56
PR;1999;292.0;182.0;1151.0;813.0;1522.0;1025.0;749;945.0;580.0;30.0;1706.0;64;126.0;262.0;81.0;1027
RJ;1999;3994.0;543.0;2446.0;3876.0;6695.0;2212.0;3650;5607.0;3365.0;265.0;7261.0;225;232.0;3726.0;380.0;6002
RN;1999;135.0;24.0;57.0;84.0;200.0;50.0;78;123.0;58.0;13.0;224.0;6;7.0;122.0;15.0;138
RO;1999;168.0;38.0;109.0;171.0;392.0;96.0;155;298.0;129.0;15.0;432.0;16;12.0;153.0;23.0;322
RR;1999;88.0;15.0;57.0;77.0;139.0;49.0;73;54.0;34.0;6.0;154.0;4;8.0;82.0;6.0;60
RS;1999;270.0;163.0;1173.0;779.0;1370.0;1039.0;711;995.0;596.0;21.0;1533.0;68;134.0;249.0;90.0;1085
SC;1999;45.0;50.0;259.0;147.0;335.0;217.0;128;160.0;77.0;1.0;385.0;19;42.0;44.0;19.0;179
SE;1999;114.0;40.0;39.0;168.0;288.0;32.0;149;194.0;9347.0;12.0;329.0;18;7.0;101.0;21.0;216
SP;1999;6594.0;1123.0;8367.0;9019.0;14640.0;7723.0;8490;7567.0;4905.0;412.0;15763.0;529;644.0;6182.0;450.0;8017
TO;1999;69.0;16.0;46.0;68.0;121.0;43.0;57;64.0;38.0;9.0;137.0;11;3.0;60.0;6.0;70
AC;2000;51.0;13.0;49.0;67.0;93.0;44.0;58;35.0;21.0;7.0;106.0;9;5.0;44.0;4.0;39
AL;2000;533.0;64.0;102.0;395.0;663.0;92.0;365;234.0;277.0;46.0;727.0;30;10.0;487.0;33.0;484
AM;2000;482.0;36.0;48.0;352.0;516.0;42.0;331;437.0;165.0;28.0;552.0;21;6.0;454.0;13.0;247
AP;2000;128.0;4.0;12.0;107.0;152.0;12.0;105;43.0;24.0;4.0;156.0;2;0.0;124.0;2.0;33
BA;2000;892.0;132.0;94.0;666.0;1108.0;79.0;607;31.0;451.0;90.0;1242.0;59;15.0;802.0;59.0;766
CE;2000;708.0;106.0;211.0;620.0;1131.0;182.0;577;89.0;340.0;51.0;1238.0;43;29.0;656.0;54.0;657
DF;2000;565.0;41.0;104.0;407.0;644.0;97.0;388;129.0;334.0;32.0;687.0;19;7.0;533.0;23.0;501
ES;2000;673.0;113.0;260.0;744.0;1322.0;237.0;692;96.0;576.0;49.0;1435.0;52;23.0;624.0;63.0;1004
GO;2000;526.0;142.0;320.0;548.0;940.0;269.0;482;603.0;406.0;53.0;1085.0;65;51.0;472.0;71.0;706
MA;2000;254.0;32.0;60.0;187.0;320.0;56.0;170;138.0;64.0;24.0;352.0;17;4.0;230.0;12.0;141
MG;2000;1251.0;252.0;643.0;1166.0;1857.0;541.0;1058;451.0;900.0;125.0;2109.0;108;102.0;1126.0;117.0;1420
MS;2000;303.0;72.0;297.0;314.0;577.0;259.0;281;3405.0;246.0;30.0;651.0;33;38.0;273.0;41.0;448
MT;2000;608.0;81.0;336.0;422.0;909.0;303.0;396;340.0;325.0;47.0;990.0;26;33.0;561.0;43.0;691
PA;2000;658.0;63.0;95.0;418.0;743.0;88.0;388;261.0;247.0;55.0;806.0;30;7.0;603.0;24.0;461
PB;2000;383.0;44.0;59.0;297.0;463.0;52.0;277;705.0;227.0;32.0;507.0;20;7.0;351.0;32.0;372
PE;2000;3205.0;310.0;546.0;2470.0;3980.0;476.0;2317;941.0;2190.0;202.0;4290.0;153;70.0;3003.0;212.0;3617
PI;2000;147.0;14.0;36.0;126.0;214.0;33.0;118;5744.0;55.0;8.0;230.0;7;3.0;138.0;2.0;98
PR;2000;353.0;164.0;1379.0;892.0;1623.0;1242.0;833;1303.0;620.0;22.0;1789.0;59;137.0;331.0;76.0;1093
RJ;2000;4271.0;540.0;2694.0;3982.0;6795.0;2447.0;3761;9043.0;3459.0;265.0;7350.0;220;246.0;4003.0;375.0;6126
RN;2000;171.0;22.0;61.0;122.0;235.0;50.0;109;1015.0;79.0;10.0;257.0;13;11.0;161.0;9.0;147
RO;2000;252.0;46.0;123.0;210.0;419.0;109.0;191;259.0;127.0;22.0;466.0;19;14.0;230.0;18.0;277
RR;2000;101.0;22.0;28.0;68.0;108.0;18.0;59;1159.0;28.0;12.0;130.0;9;10.0;89.0;4.0;47
RS;2000;272.0;175.0;1363.0;800.0;1491.0;1216.0;747;196.0;662.0;22.0;1668.0;53;147.0;250.0;91.0;1250
SC;2000;56.0;53.0;332.0;172.0;380.0;292.0;154;407.0;99.0;9.0;433.0;18;40.0;47.0;26.0;222
SE;2000;186.0;37.0;67.0;218.0;373.0;62.0;208;633.0;157.0;15.0;410.0;10;5.0;171.0;18.0;279
SP;2000;6407.0;1150.0;8850.0;9249.0;14441.0;8110.0;8705;648.0;6116.0;378.0;15591.0;544;740.0;6029.0;599.0;9642
TO;2000;113.0;16.0;57.0;86.0;160.0;52.0;81;477.0;57.0;10.0;176.0;5;5.0;103.0;8.0;97
AC;2001;70.0;12.0;35.0;72.0;109.0;31.0;64;51.0;36.0;5.0;121.0;8;4.0;65.0;3.0;54
AL;2001;589.0;54.0;106.0;480.0;775.0;95.0;456;184.0;369.0;31.0;830.0;23;11.0;557.0;29.0;604
AM;2001;416.0;55.0;58.0;285.0;430.0;50.0;258;497.0;124.0;45.0;485.0;27;8.0;371.0;15.0;199
AP;2001;164.0;12.0;15.0;115.0;170.0;13.0;108;41.0;21.0;9.0;182.0;7;2.0;155.0;1.0;43
BA;2001;1211.0;122.0;145.0;887.0;1500.0;132.0;848;42.0;702.0;81.0;1622.0;39;13.0;1130.0;50.0;1129
CE;2001;696.0;114.0;185.0;651.0;1170.0;164.0;604;120.0;343.0;58.0;1284.0;47;21.0;638.0;43.0;638
DF;2001;583.0;44.0;95.0;447.0;649.0;87.0;419;202.0;362.0;34.0;693.0;28;8.0;549.0;25.0;495
ES;2001;738.0;132.0;255.0;784.0;1319.0;222.0;723;95.0;609.0;58.0;1452.0;60;33.0;680.0;80.0;1019
GO;2001;667.0;131.0;348.0;591.0;1035.0;306.0;533;595.0;420.0;61.0;1167.0;58;42.0;606.0;64.0;752
MA;2001;439.0;54.0;97.0;296.0;509.0;81.0;271;202.0;120.0;36.0;563.0;25;16.0;403.0;19.0;221
MG;2001;1423.0;241.0;767.0;1255.0;2124.0;673.0;1153;575.0;957.0;119.0;2366.0;102;94.0;1304.0;97.0;1558
MS;2001;308.0;64.0;294.0;267.0;555.0;265.0;235;3748.0;190.0;31.0;621.0;32;29.0;277.0;35.0;395
MT;2001;629.0;92.0;309.0;427.0;880.0;276.0;384;323.0;286.0;56.0;973.0;43;33.0;573.0;42.0;582
PA;2001;799.0;97.0;116.0;515.0;869.0;96.0;469;347.0;289.0;74.0;966.0;46;20.0;725.0;46.0;543
PB;2001;329.0;45.0;56.0;288.0;439.0;47.0;264;1079.0;211.0;31.0;484.0;24;9.0;298.0;23.0;346
PE;2001;3647.0;294.0;546.0;2744.0;4409.0;491.0;2616;939.0;2442.0;206.0;4710.0;127;55.0;3441.0;194.0;3949
PI;2001;179.0;35.0;41.0;133.0;226.0;34.0;113;5740.0;64.0;24.0;262.0;20;7.0;155.0;7.0;102
PR;2001;358.0;197.0;1639.0;1041.0;1852.0;1469.0;946;1461.0;731.0;24.0;2052.0;95;169.0;333.0;101.0;1269
RJ;2001;4309.0;566.0;2514.0;3962.0;6767.0;2306.0;3726;10006.0;3511.0;306.0;7362.0;236;206.0;4003.0;384.0;6134
RN;2001;221.0;24.0;63.0;156.0;297.0;58.0;140;1165.0;108.0;17.0;322.0;16;5.0;204.0;14.0;216
RO;2001;310.0;65.0;201.0;240.0;508.0;178.0;208;343.0;157.0;35.0;573.0;32;23.0;275.0;34.0;377
RR;2001;82.0;7.0;22.0;51.0;101.0;21.0;48;1241.0;20.0;6.0;108.0;3;1.0;76.0;1.0;42
RS;2001;317.0;180.0;1498.0;880.0;1674.0;1342.0;807;244.0;719.0;17.0;1854.0;73;156.0;300.0;102.0;1343
SC;2001;68.0;60.0;361.0;214.0;417.0;320.0;189;358.0;133.0;7.0;477.0;25;41.0;61.0;25.0;269
SE;2001;271.0;31.0;86.0;298.0;487.0;80.0;291;687.0;228.0;15.0;518.0;7;6.0;256.0;19.0;366
SP;2001;6475.0;1100.0;9000.0;9193.0;14669.0;8301.0;8655;539.0;6588.0;379.0;15773.0;538;699.0;6096.0;618.0;10625
TO;2001;140.0;23.0;69.0;89.0;189.0;60.0;79;470.0;60.0;14.0;212.0;10;9.0;126.0;11.0;131
AC;2002;100.0;11.0;46.0;90.0;140.0;43.0;84;63.0;40.0;8.0;151.0;6;3.0;92.0;3.0;66
AL;2002;655.0;70.0;106.0;559.0;921.0;99.0;529;186.0;435.0;39.0;991.0;30;7.0;616.0;45.0;720
AM;2002;442.0;35.0;60.0;312.0;478.0;53.0;295;661.0;116.0;27.0;513.0;17;7.0;415.0;15.0;201
AP;2002;157.0;12.0;18.0;120.0;169.0;14.0;115;43.0;28.0;8.0;181.0;5;4.0;149.0;5.0;50
BA;2002;1298.0;123.0;149.0;1014.0;1634.0;134.0;949;45.0;777.0;88.0;1759.0;65;15.0;1209.0;60.0;1220
CE;2002;705.0;125.0;142.0;729.0;1320.0;126.0;669;76.0;422.0;48.0;1445.0;60;16.0;657.0;49.0;741
DF;2002;539.0;50.0;93.0;416.0;591.0;80.0;385;239.0;338.0;36.0;641.0;31;13.0;503.0;29.0;469
ES;2002;813.0;149.0;290.0;936.0;1494.0;261.0;862;110.0;760.0;71.0;1644.0;74;29.0;742.0;88.0;1221
GO;2002;734.0;145.0;411.0;709.0;1225.0;361.0;647;692.0;520.0;68.0;1370.0;62;50.0;666.0;76.0;893
MA;2002;493.0;39.0;97.0;302.0;567.0;90.0;289;186.0;115.0;31.0;606.0;13;7.0;462.0;14.0;253
MG;2002;1927.0;294.0;903.0;1624.0;2700.0;783.0;1504;675.0;1249.0;151.0;2994.0;120;120.0;1776.0;142.0;2049
MS;2002;333.0;77.0;325.0;313.0;605.0;284.0;283;3453.0;203.0;35.0;684.0;30;41.0;298.0;34.0;421
MT;2002;602.0;92.0;320.0;414.0;856.0;283.0;377;393.0;279.0;53.0;948.0;37;37.0;549.0;45.0;582
PA;2002;1036.0;73.0;137.0;632.0;1119.0;127.0;601;388.0;373.0;62.0;1192.0;31;10.0;974.0;33.0;694
PB;2002;432.0;46.0;51.0;322.0;551.0;44.0;299;1159.0;227.0;26.0;607.0;22;7.0;405.0;25.0;425
PE;2002;3574.0;274.0;534.0;2588.0;4118.0;459.0;2474;1132.0;2267.0;178.0;4396.0;113;75.0;3395.0;182.0;3639
PI;2002;232.0;27.0;43.0;162.0;279.0;37.0;153;6308.0;65.0;18.0;308.0;9;6.0;214.0;10.0;120
PR;2002;413.0;204.0;1811.0;1233.0;2061.0;1644.0;1147;1907.0;920.0;35.0;2266.0;86;167.0;377.0;92.0;1494
RJ;2002;4923.0;560.0;2869.0;4555.0;7748.0;2631.0;4329;8867.0;3888.0;284.0;8335.0;225;236.0;4634.0;362.0;6678
RN;2002;213.0;23.0;67.0;143.0;276.0;58.0;133;1402.0;95.0;12.0;299.0;10;9.0;201.0;7.0;193
RO;2002;376.0;44.0;189.0;282.0;569.0;177.0;265;371.0;179.0;25.0;615.0;17;12.0;351.0;21.0;393
RR;2002;92.0;12.0;28.0;71.0;110.0;25.0;64;1266.0;20.0;9.0;122.0;7;3.0;83.0;5.0;48
RS;2002;322.0;198.0;1564.0;953.0;1714.0;1402.0;877;281.0;757.0;34.0;1912.0;76;162.0;288.0;107.0;1373
SC;2002;84.0;75.0;457.0;263.0;510.0;396.0;231;386.0;162.0;9.0;585.0;32;61.0;75.0;36.0;317
SE;2002;384.0;37.0;68.0;323.0;519.0;61.0;307;817.0;247.0;22.0;556.0;16;7.0;362.0;14.0;402
SP;2002;6006.0;1053.0;8285.0;8610.0;13471.0;7611.0;8077;537.0;6042.0;363.0;14526.0;533;673.0;5643.0;547.0;9415
TO;2002;126.0;20.0;43.0;82.0;150.0;39.0;73;440.0;43.0;16.0;170.0;9;4.0;110.0;7.0;83
AC;2003;98.0;15.0;41.0;78.0;132.0;35.0;69;52.0;31.0;7.0;147.0;9;6.0;91.0;5.0;57
AL;2003;630.0;67.0;63.0;615.0;972.0;58.0;586;157.0;476.0;39.0;1039.0;29;5.0;591.0;34.0;774
AM;2003;495.0;35.0;52.0;343.0;523.0;47.0;324;826.0;111.0;30.0;558.0;19;5.0;465.0;14.0;171
AP;2003;171.0;15.0;11.0;133.0;170.0;9.0;125;38.0;51.0;12.0;185.0;8;2.0;159.0;5.0;70
BA;2003;1665.0;152.0;158.0;1272.0;2014.0;140.0;1204;65.0;1008.0;100.0;2166.0;68;18.0;1565.0;68.0;1588
CE;2003;748.0;103.0;159.0;771.0;1460.0;149.0;727;93.0;449.0;40.0;1563.0;44;10.0;708.0;46.0;846
DF;2003;623.0;62.0;109.0;454.0;678.0;95.0;428;324.0;381.0;45.0;742.0;26;14.0;578.0;41.0;562
ES;2003;883.0;141.0;335.0;893.0;1487.0;293.0;836;133.0;699.0;67.0;1629.0;57;42.0;816.0;71.0;1179
GO;2003;784.0;143.0;346.0;713.0;1201.0;301.0;647;800.0;522.0;74.0;1346.0;66;45.0;709.0;69.0;868
MA;2003;657.0;69.0;120.0;419.0;726.0;109.0;389;272.0;176.0;58.0;795.0;30;11.0;599.0;27.0;351
MG;2003;2539.0;376.0;1148.0;2241.0;3493.0;996.0;2062;740.0;1814.0;199.0;3869.0;179;152.0;2340.0;200.0;2815
MS;2003;382.0;64.0;303.0;344.0;640.0;268.0;318;3580.0;240.0;27.0;705.0;26;35.0;355.0;35.0;430
MT;2003;597.0;90.0;300.0;406.0;818.0;266.0;368;436.0;270.0;53.0;908.0;38;34.0;544.0;40.0;555
PA;2003;1237.0;93.0;152.0;747.0;1311.0;137.0;700;321.0;466.0;78.0;1405.0;47;15.0;1159.0;45.0;871
PB;2003;484.0;35.0;48.0;339.0;579.0;44.0;325;1520.0;260.0;25.0;616.0;14;4.0;458.0;22.0;459
PE;2003;3562.0;274.0;546.0;2645.0;4243.0;493.0;2513;1107.0;2298.0;187.0;4517.0;132;53.0;3375.0;186.0;3766
PI;2003;241.0;32.0;34.0;156.0;265.0;27.0;137;6024.0;83.0;24.0;298.0;19;7.0;217.0;10.0;143
PR;2003;412.0;227.0;2078.0;1368.0;2326.0;1887.0;1265;2615.0;1065.0;32.0;2555.0;102;190.0;380.0;119.0;1748
RJ;2003;4948.0;527.0;2728.0;4517.0;7579.0;2499.0;4303;9032.0;3675.0;277.0;8115.0;214;228.0;4671.0;336.0;6365
RN;2003;277.0;32.0;95.0;200.0;373.0;81.0;183;1627.0;155.0;16.0;405.0;17;14.0;261.0;17.0;289
RO;2003;375.0;51.0;171.0;231.0;514.0;149.0;207;348.0;155.0;29.0;566.0;24;22.0;346.0;33.0;381
RR;2003;80.0;6.0;22.0;53.0;100.0;21.0;50;1270.0;16.0;5.0;106.0;3;1.0;75.0;3.0;41
RS;2003;354.0;177.0;1543.0;932.0;1731.0;1391.0;871;384.0;755.0;23.0;1908.0;61;152.0;331.0;95.0;1365
SC;2003;101.0;70.0;494.0;313.0;600.0;442.0;283;395.0;220.0;8.0;670.0;30;52.0;93.0;30.0;414
SE;2003;278.0;34.0;62.0;259.0;435.0;54.0;247;797.0;200.0;16.0;469.0;12;8.0;262.0;18.0;339
SP;2003;5839.0;1029.0;8127.0;8348.0;13017.0;7487.0;7826;515.0;6132.0;378.0;14048.0;522;640.0;5461.0;538.0;9570
TO;2003;161.0;22.0;42.0;87.0;182.0;37.0;80;520.0;47.0;17.0;204.0;7;5.0;144.0;5.0;98
AC;2004;80.0;10.0;27.0;75.0;104.0;24.0;71;42.0;31.0;7.0;114.0;4;3.0;73.0;7.0;49
AL;2004;708.0;75.0;52.0;623.0;960.0;43.0;589;213.0;481.0;42.0;1035.0;34;9.0;666.0;35.0;754
AM;2004;440.0;49.0;76.0;309.0;477.0;63.0;290;927.0;136.0;34.0;526.0;19;13.0;406.0;14.0;227
AP;2004;160.0;15.0;10.0;116.0;157.0;9.0;108;30.0;51.0;14.0;172.0;8;1.0;146.0;5.0;74
BA;2004;1859.0;195.0;159.0;1311.0;2064.0;139.0;1222;69.0;1023.0;155.0;2262.0;89;20.0;1704.0;78.0;1590
CE;2004;699.0;123.0;140.0;826.0;1459.0;125.0;774;94.0;524.0;44.0;1582.0;52;15.0;655.0;51.0;916
DF;2004;582.0;52.0;109.0;436.0;642.0;101.0;410;332.0;360.0;43.0;696.0;26;8.0;538.0;29.0;506
ES;2004;928.0;137.0;260.0;936.0;1482.0;227.0;875;123.0;761.0;69.0;1619.0;61;33.0;859.0;80.0;1188
GO;2004;896.0;142.0;475.0;816.0;1377.0;411.0;757;865.0;601.0;64.0;1524.0;59;64.0;830.0;50.0;988
MA;2004;631.0;53.0;88.0;398.0;679.0;79.0;373;228.0;196.0;44.0;732.0;25;9.0;587.0;23.0;355
MG;2004;2916.0;373.0;1178.0;2571.0;3913.0;1063.0;2386;719.0;2154.0;230.0;4286.0;185;115.0;2686.0;220.0;3255
MS;2004;372.0;55.0;269.0;319.0;601.0;245.0;296;3155.0;217.0;30.0;656.0;23;24.0;342.0;24.0;387
MT;2004;572.0;99.0;273.0;401.0;754.0;234.0;352;431.0;236.0;60.0;853.0;49;39.0;512.0;36.0;454
PA;2004;1351.0;93.0;157.0;811.0;1426.0;143.0;768;286.0;539.0;77.0;1519.0;43;14.0;1274.0;42.0;969
PB;2004;540.0;60.0;45.0;350.0;611.0;40.0;333;1511.0;257.0;47.0;675.0;17;5.0;493.0;41.0;472
PE;2004;3430.0;276.0;444.0;2490.0;3898.0;388.0;2348;1108.0;2125.0;206.0;4174.0;142;56.0;3224.0;189.0;3344
PI;2004;251.0;26.0;50.0;173.0;301.0;40.0;156;5852.0;80.0;14.0;327.0;17;10.0;237.0;8.0;131
PR;2004;537.0;249.0;2233.0;1566.0;2573.0;2030.0;1447;3035.0;1185.0;41.0;2826.0;119;202.0;495.0;132.0;1912
RJ;2004;4787.0;506.0;2537.0;4349.0;7221.0;2307.0;4144;7152.0;3555.0;251.0;7731.0;205;230.0;4536.0;338.0;6193
RN;2004;246.0;21.0;65.0;181.0;323.0;61.0;172;1776.0;134.0;13.0;344.0;9;4.0;233.0;9.0;237
RO;2004;372.0;33.0;164.0;280.0;529.0;147.0;265;313.0;170.0;13.0;563.0;15;17.0;358.0;20.0;334
RR;2004;66.0;7.0;16.0;44.0;78.0;13.0;38;1326.0;15.0;3.0;85.0;6;3.0;63.0;1.0;31
RS;2004;384.0;195.0;1581.0;1016.0;1787.0;1414.0;936;345.0;837.0;26.0;1982.0;80;167.0;358.0;106.0;1432
SC;2004;99.0;79.0;490.0;281.0;559.0;427.0;258;363.0;202.0;7.0;638.0;23;63.0;92.0;32.0;377
SE;2004;270.0;29.0;49.0;234.0;424.0;43.0;220;937.0;167.0;15.0;454.0;14;6.0;255.0;14.0;301
SP;2004;4720.0;861.0;6530.0;6446.0;10474.0;5958.0;6045;418.0;4743.0;285.0;11336.0;401;572.0;4434.0;458.0;7611
TO;2004;149.0;18.0;49.0;99.0;180.0;45.0;91;476.0;47.0;14.0;198.0;8;4.0;135.0;6.0;100
AC;2005;87.0;13.0;31.0;67.0;111.0;26.0;60;35.0;18.0;8.0;124.0;7;5.0;79.0;1.0;36
AL;2005;812.0;74.0;69.0;696.0;1129.0;61.0;660;251.0;537.0;46.0;1203.0;36;8.0;766.0;36.0;909
AM;2005;506.0;48.0;73.0;356.0;551.0;66.0;333;1139.0;161.0;40.0;599.0;23;7.0;466.0;13.0;264
AP;2005;172.0;15.0;22.0;123.0;181.0;20.0;117;26.0;33.0;13.0;196.0;6;2.0;159.0;5.0;55
BA;2005;2380.0;211.0;172.0;1703.0;2669.0;150.0;1613;50.0;1319.0;164.0;2881.0;90;22.0;2216.0;114.0;2022
CE;2005;760.0;143.0;154.0;943.0;1555.0;138.0;883;72.0;613.0;45.0;1699.0;59;16.0;715.0;66.0;1012
DF;2005;551.0;47.0;95.0;403.0;610.0;81.0;384;468.0;317.0;32.0;657.0;19;14.0;519.0;25.0;452
ES;2005;1014.0;149.0;243.0;904.0;1453.0;213.0;839;140.0;726.0;90.0;1602.0;65;30.0;924.0;101.0;1189
GO;2005;1003.0;133.0;408.0;830.0;1334.0;361.0;776;945.0;619.0;83.0;1468.0;54;46.0;920.0;52.0;937
MA;2005;774.0;58.0;138.0;511.0;877.0;130.0;481;256.0;276.0;49.0;935.0;30;8.0;725.0;21.0;489
MG;2005;2870.0;377.0;1142.0;2461.0;3846.0;999.0;2301;873.0;2039.0;212.0;4223.0;160;143.0;2658.0;204.0;3099
MS;2005;347.0;70.0;268.0;308.0;561.0;230.0;278;3312.0;195.0;31.0;631.0;30;38.0;316.0;26.0;345
MT;2005;631.0;89.0;265.0;407.0;815.0;227.0;373;507.0;265.0;51.0;907.0;34;38.0;579.0;32.0;487
PA;2005;1726.0;127.0;181.0;1082.0;1797.0;155.0;1024;306.0;708.0;101.0;1926.0;57;26.0;1625.0;56.0;1195
PB;2005;608.0;62.0;50.0;403.0;683.0;43.0;378;1908.0;310.0;45.0;745.0;25;7.0;563.0;36.0;543
PE;2005;3517.0;282.0;451.0;2616.0;4048.0;414.0;2482;1088.0;2243.0;226.0;4330.0;134;37.0;3291.0;197.0;3509
PI;2005;295.0;40.0;51.0;210.0;328.0;43.0;196;5639.0;100.0;29.0;368.0;14;8.0;266.0;11.0;151
PR;2005;639.0;239.0;2279.0;1658.0;2738.0;2094.0;1558;2895.0;1303.0;50.0;2977.0;100;185.0;589.0;121.0;2027
RJ;2005;4658.0;507.0;2443.0;4177.0;6885.0;2238.0;3974;5427.0;3496.0;273.0;7408.0;201;204.0;4385.0;329.0;5978
RN;2005;275.0;41.0;75.0;235.0;364.0;65.0;213;1906.0;169.0;27.0;406.0;21;9.0;248.0;12.0;268
RO;2005;391.0;49.0;148.0;246.0;506.0;134.0;220;342.0;175.0;30.0;555.0;26;14.0;361.0;25.0;367
RR;2005;73.0;11.0;20.0;42.0;84.0;18.0;40;1359.0;8.0;9.0;95.0;2;2.0;64.0;2.0;28
RS;2005;407.0;209.0;1601.0;1034.0;1812.0;1415.0;957;359.0;836.0;22.0;2021.0;77;186.0;385.0;114.0;1473
SC;2005;94.0;68.0;476.0;322.0;564.0;422.0;295;319.0;231.0;6.0;633.0;27;54.0;88.0;33.0;392
SE;2005;345.0;28.0;73.0;249.0;459.0;69.0;238;885.0;185.0;22.0;487.0;11;4.0;323.0;12.0;318
SP;2005;3734.0;776.0;5087.0;4719.0;8091.0;4575.0;4379;454.0;3415.0;260.0;8870.0;340;512.0;3474.0;367.0;5796
TO;2005;148.0;21.0;41.0;88.0;169.0;35.0;80;427.0;39.0;15.0;190.0;8;6.0;133.0;6.0;78
AC;2006;102.0;15.0;42.0;85.0;143.0;36.0;81;48.0;23.0;8.0;158.0;4;6.0;94.0;2.0;50
AL;2006;1078.0;106.0;68.0;980.0;1514.0;62.0;925;357.0;823.0;66.0;1620.0;55;6.0;1012.0;64.0;1308
AM;2006;584.0;53.0;95.0;428.0;646.0;77.0;402;1223.0;237.0;33.0;699.0;26;18.0;551.0;22.0;379
AP;2006;186.0;13.0;14.0;128.0;189.0;11.0;125;35.0;49.0;10.0;202.0;3;3.0;176.0;0.0;75
BA;2006;2821.0;243.0;204.0;1947.0;3065.0;183.0;1824;75.0;1561.0;197.0;3311.0;123;21.0;2624.0;131.0;2402
CE;2006;972.0;134.0;165.0;941.0;1658.0;148.0;890;79.0;642.0;65.0;1792.0;51;17.0;907.0;43.0;1060
DF;2006;576.0;49.0;79.0;399.0;611.0;70.0;374;455.0;305.0;39.0;660.0;25;9.0;537.0;33.0;435
ES;2006;1111.0;183.0;255.0;982.0;1578.0;211.0;904;181.0;787.0;103.0;1762.0;78;44.0;1008.0;100.0;1294
GO;2006;1076.0;143.0;381.0;825.0;1364.0;332.0;766;1017.0;602.0;91.0;1509.0;59;48.0;985.0;69.0;984
MA;2006;811.0;67.0;143.0;527.0;902.0;135.0;497;285.0;256.0;58.0;969.0;30;8.0;753.0;24.0;479
MG;2006;2759.0;392.0;1242.0;2408.0;3783.0;1103.0;2220;1244.0;1990.0;238.0;4177.0;186;138.0;2520.0;204.0;3075
MS;2006;366.0;55.0;294.0;315.0;627.0;265.0;295;3395.0;215.0;24.0;683.0;20;29.0;342.0;17.0;370
MT;2006;647.0;70.0;241.0;427.0;825.0;212.0;394;589.0;282.0;42.0;896.0;33;28.0;605.0;22.0;497
PA;2006;1867.0;140.0;160.0;1185.0;1930.0;139.0;1130;388.0;771.0;118.0;2073.0;55;21.0;1749.0;71.0;1295
PB;2006;697.0;62.0;47.0;458.0;762.0;38.0;434;2269.0;373.0;49.0;825.0;24;9.0;648.0;39.0;628
PE;2006;3893.0;310.0;388.0;2616.0;4162.0;351.0;2479;1194.0;2226.0;261.0;4472.0;137;37.0;3632.0;197.0;3592
PI;2006;357.0;32.0;51.0;240.0;386.0;47.0;221;5460.0;116.0;28.0;418.0;19;4.0;329.0;11.0;192
PR;2006;522.0;249.0;2531.0;1706.0;2839.0;2326.0;1588;2870.0;1361.0;48.0;3098.0;118;196.0;474.0;140.0;2229
RJ;2006;4611.0;504.0;2436.0;4076.0;6858.0;2217.0;3880;5370.0;3347.0;267.0;7389.0;196;219.0;4339.0;319.0;5790
RN;2006;318.0;42.0;81.0;234.0;413.0;71.0;219;2085.0;175.0;27.0;455.0;15;10.0;291.0;21.0;306
RO;2006;418.0;51.0;145.0;257.0;531.0;125.0;234;356.0;189.0;31.0;585.0;23;19.0;386.0;25.0;383
RR;2006;67.0;13.0;43.0;46.0;96.0;31.0;41;1342.0;18.0;3.0;111.0;5;10.0;64.0;3.0;38
RS;2006;381.0;162.0;1585.0;980.0;1821.0;1457.0;924;352.0;787.0;30.0;1983.0;56;128.0;351.0;83.0;1425
SC;2006;93.0;92.0;509.0;321.0;574.0;439.0;290;353.0;226.0;15.0;666.0;31;70.0;78.0;34.0;386
SE;2006;406.0;40.0;85.0;334.0;545.0;76.0;316;913.0;243.0;22.0;585.0;18;9.0;384.0;15.0;403
SP;2006;3364.0;788.0;4846.0;4285.0;7582.0;4315.0;3939;474.0;3285.0;242.0;8377.0;346;530.0;3121.0;387.0;5761
TO;2006;189.0;22.0;38.0;121.0;207.0;34.0;113;402.0;50.0;18.0;229.0;8;4.0;171.0;6.0;85
AC;2007;91.0;18.0;34.0;72.0;119.0;26.0;64;47.0;30.0;9.0;137.0;8;8.0;82.0;4.0;51
AL;2007;1247.0;109.0;76.0;1102.0;1727.0;65.0;1046;390.0;959.0;68.0;1836.0;56;11.0;1179.0;74.0;1552
AM;2007;648.0;52.0;45.0;433.0;663.0;38.0;405;1327.0;265.0;43.0;715.0;28;7.0;605.0;25.0;415
AP;2007;140.0;12.0;21.0;114.0;160.0;17.0;107;26.0;40.0;8.0;172.0;7;4.0;132.0;5.0;60
BA;2007;3116.0;249.0;260.0;2160.0;3408.0;233.0;2036;55.0;1770.0;207.0;3659.0;124;27.0;2909.0;133.0;2700
CE;2007;1367.0;126.0;213.0;1066.0;1806.0;185.0;1016;80.0;758.0;84.0;1933.0;50;27.0;1283.0;43.0;1224
DF;2007;591.0;55.0;107.0;431.0;656.0;94.0;409;579.0;352.0;41.0;711.0;22;13.0;550.0;28.0;516
ES;2007;1197.0;186.0;277.0;1008.0;1691.0;245.0;929;169.0;823.0;116.0;1877.0;79;32.0;1081.0;111.0;1363
GO;2007;1052.0;139.0;392.0;849.0;1382.0;341.0;789;1181.0;643.0;82.0;1521.0;60;51.0;970.0;73.0;1009
MA;2007;962.0;63.0;157.0;623.0;1063.0;144.0;592;415.0;353.0;50.0;1127.0;31;13.0;911.0;23.0;602
MG;2007;2776.0;403.0;1161.0;2344.0;3722.0;1030.0;2168;1478.0;1914.0;248.0;4125.0;176;131.0;2528.0;218.0;2983
MS;2007;369.0;67.0;314.0;340.0;641.0;274.0;312;3511.0;222.0;28.0;710.0;28;39.0;341.0;29.0;401
MT;2007;615.0;95.0;271.0;368.0;794.0;230.0;334;613.0;248.0;54.0;889.0;34;41.0;561.0;35.0;542
PA;2007;1953.0;144.0;190.0;1263.0;2049.0;164.0;1197;329.0;859.0;112.0;2194.0;66;26.0;1841.0;58.0;1385
PB;2007;759.0;69.0;40.0;461.0;793.0;32.0;432;2565.0;372.0;55.0;864.0;29;8.0;704.0;42.0;656
PE;2007;4032.0;290.0;282.0;2698.0;4262.0;246.0;2558;1252.0;2310.0;241.0;4557.0;139;36.0;3790.0;192.0;3706
PI;2007;310.0;35.0;59.0;186.0;346.0;50.0;174;4824.0;103.0;24.0;383.0;12;9.0;285.0;15.0;184
PR;2007;617.0;241.0;2414.0;1760.0;2860.0;2220.0;1650;2765.0;1450.0;41.0;3105.0;110;193.0;575.0;134.0;2285
RJ;2007;4169.0;416.0;2071.0;3652.0;6121.0;1883.0;3485;3859.0;2967.0;216.0;6551.0;167;187.0;3952.0;272.0;5102
RN;2007;424.0;42.0;95.0;314.0;547.0;84.0;294;2150.0;249.0;25.0;589.0;20;11.0;399.0;23.0;438
RO;2007;305.0;28.0;102.0;210.0;404.0;94.0;200;312.0;164.0;20.0;432.0;10;8.0;285.0;9.0;321
RR;2007;85.0;19.0;28.0;47.0;97.0;20.0;44;1559.0;12.0;10.0;116.0;3;8.0;75.0;2.0;28
RS;2007;440.0;193.0;1735.0;1137.0;2003.0;1574.0;1056;356.0;939.0;29.0;2199.0;81;161.0;411.0;100.0;1661
SC;2007;94.0;70.0;510.0;328.0;560.0;450.0;292;371.0;233.0;6.0;632.0;34;60.0;88.0;21.0;377
SE;2007;371.0;34.0;75.0;294.0;488.0;66.0;282;936.0;211.0;21.0;522.0;12;9.0;350.0;19.0;348
SP;2007;2602.0;595.0;3711.0;3135.0;5834.0;3315.0;2868;507.0;2267.0;185.0;6437.0;267;396.0;2417.0;291.0;4150
TO;2007;191.0;28.0;31.0;94.0;196.0;29.0;83;488.0;33.0;26.0;226.0;11;2.0;164.0;8.0;88
AC;2008;74.0;13.0;23.0;76.0;120.0;18.0;71;40.0;27.0;5.0;133.0;5;5.0;69.0;0.0;40
AL;2008;1536.0;83.0;58.0;1142.0;1804.0;55.0;1101;426.0;1018.0;71.0;1887.0;41;3.0;1465.0;55.0;1596
AM;2008;767.0;63.0;47.0;481.0;767.0;40.0;455;1837.0;287.0;56.0;830.0;26;7.0;711.0;20.0;446
AP;2008;196.0;13.0;6.0;141.0;196.0;6.0;137;27.0;46.0;13.0;210.0;4;0.0;183.0;3.0;65
BA;2008;4137.0;315.0;345.0;2994.0;4485.0;311.0;2833;61.0;2547.0;260.0;4819.0;161;34.0;3876.0;193.0;3828
CE;2008;1377.0;117.0;194.0;1131.0;1902.0;176.0;1089;88.0;803.0;74.0;2019.0;42;18.0;1303.0;48.0;1332
DF;2008;701.0;64.0;105.0;492.0;748.0;98.0;457;673.0;390.0;57.0;812.0;35;7.0;644.0;38.0;579
ES;2008;1252.0;190.0;264.0;1113.0;1756.0;234.0;1024;151.0;937.0;129.0;1947.0;89;30.0;1123.0;124.0;1495
GO;2008;1309.0;160.0;413.0;971.0;1629.0;364.0;914;1284.0;739.0;104.0;1792.0;57;49.0;1204.0;82.0;1201
MA;2008;1097.0;81.0;156.0;714.0;1196.0;144.0;677;500.0;408.0;67.0;1277.0;37;12.0;1030.0;25.0;698
MG;2008;2628.0;377.0;1071.0;2204.0;3511.0;938.0;2014;1541.0;1764.0;221.0;3889.0;190;133.0;2407.0;174.0;2755
MS;2008;361.0;60.0;312.0;345.0;639.0;274.0;318;3277.0;229.0;22.0;699.0;27;38.0;339.0;22.0;392
MT;2008;687.0;86.0;238.0;428.0;851.0;211.0;390;701.0;291.0;57.0;937.0;38;27.0;630.0;36.0;572
PA;2008;2585.0;169.0;213.0;1635.0;2687.0;186.0;1553;357.0;1160.0;139.0;2860.0;82;27.0;2445.0;89.0;1929
PB;2008;928.0;87.0;50.0;561.0;942.0;42.0;531;3620.0;447.0;76.0;1029.0;30;8.0;852.0;49.0;750
PE;2008;3888.0;298.0;433.0;2621.0;4140.0;387.0;2482;1370.0;2158.0;245.0;4446.0;135;45.0;3641.0;166.0;3449
PI;2008;299.0;38.0;52.0;187.0;323.0;46.0;171;4108.0;90.0;31.0;361.0;16;6.0;268.0;8.0;159
PR;2008;695.0;306.0;2660.0;1914.0;3132.0;2413.0;1777;2580.0;1591.0;55.0;3445.0;137;244.0;640.0;168.0;2540
RJ;2008;3593.0;373.0;1777.0;3092.0;5274.0;1644.0;2934;3598.0;2442.0;223.0;5662.0;158;133.0;3365.0;219.0;4336
RN;2008;558.0;59.0;100.0;402.0;655.0;93.0;373;2366.0;326.0;48.0;714.0;29;7.0;510.0;36.0;536
RO;2008;319.0;39.0;136.0;210.0;440.0;120.0;195;269.0;136.0;20.0;480.0;15;16.0;298.0;17.0;286
RR;2008;74.0;15.0;28.0;38.0;90.0;19.0;35;1683.0;9.0;5.0;105.0;3;9.0;69.0;2.0;29
RS;2008;471.0;219.0;1869.0;1199.0;2161.0;1685.0;1116;461.0;1011.0;32.0;2380.0;83;184.0;439.0;118.0;1801
SC;2008;108.0;86.0;674.0;406.0;715.0;600.0;373;370.0;302.0;8.0;802.0;32;74.0;100.0;43.0;505
SE;2008;404.0;30.0;73.0;313.0;525.0;65.0;298;1117.0;235.0;21.0;555.0;15;8.0;383.0;11.0;368
SP;2008;2464.0;667.0;3715.0;2948.0;5660.0;3263.0;2706;536.0;2027.0;199.0;6332.0;242;451.0;2265.0;292.0;3891
TO;2008;194.0;21.0;41.0;122.0;216.0;37.0;111;541.0;55.0;17.0;237.0;11;4.0;177.0;10.0;98
AC;2009;103.0;16.0;16.0;78.0;137.0;10.0;72;59.0;33.0;6.0;153.0;6;6.0;97.0;2.0;61
AL;2009;1595.0;111.0;48.0;1115.0;1762.0;46.0;1060;544.0;969.0;96.0;1873.0;55;2.0;1499.0;81.0;1560
AM;2009;846.0;67.0;44.0;540.0;849.0;37.0;519;1953.0;359.0;60.0;916.0;21;7.0;786.0;28.0;572
AP;2009;168.0;12.0;11.0;108.0;178.0;9.0;104;23.0;43.0;10.0;190.0;4;2.0;158.0;3.0;69
BA;2009;4741.0;345.0;333.0;3427.0;5078.0;301.0;3276;66.0;2971.0;284.0;5432.0;151;32.0;4455.0;220.0;4361
CE;2009;1360.0;138.0;191.0;1196.0;2025.0;166.0;1130;116.0;917.0;80.0;2165.0;64;25.0;1280.0;68.0;1511
DF;2009;753.0;76.0;119.0;523.0;806.0;105.0;487;753.0;450.0;61.0;882.0;36;14.0;692.0;43.0;666
ES;2009;1367.0;216.0;251.0;1164.0;1769.0;219.0;1057;170.0;974.0;152.0;1985.0;107;32.0;1215.0;130.0;1548
GO;2009;1446.0;165.0;410.0;977.0;1733.0;365.0;915;1441.0;740.0;117.0;1902.0;62;45.0;1327.0;76.0;1260
MA;2009;1210.0;87.0;161.0;775.0;1311.0;142.0;737;590.0;458.0;67.0;1398.0;38;19.0;1143.0;32.0;785
MG;2009;2507.0;402.0;1055.0;2062.0;3340.0;923.0;1894;1479.0;1646.0;246.0;3742.0;168;132.0;2261.0;197.0;2603
MS;2009;399.0;65.0;316.0;354.0;660.0;276.0;328;2931.0;244.0;25.0;725.0;26;40.0;374.0;28.0;429
MT;2009;738.0;94.0;247.0;469.0;905.0;209.0;425;951.0;309.0;55.0;1000.0;44;38.0;682.0;44.0;573
PA;2009;2711.0;180.0;213.0;1717.0;2802.0;189.0;1635;435.0;1242.0;152.0;2989.0;82;23.0;2558.0;84.0;2038
PB;2009;1153.0;98.0;51.0;710.0;1164.0;41.0;660;4136.0;608.0;84.0;1263.0;50;10.0;1069.0;67.0;1019
PE;2009;3460.0;304.0;370.0;2281.0;3656.0;328.0;2136;1418.0;1939.0;252.0;3963.0;145;42.0;3208.0;186.0;3117
PI;2009;318.0;31.0;56.0;205.0;354.0;49.0;193;3805.0;117.0;22.0;385.0;12;7.0;296.0;14.0;184
PR;2009;677.0;331.0;2972.0;2078.0;3361.0;2698.0;1920;2406.0;1672.0;57.0;3698.0;158;274.0;619.0;199.0;2673
RJ;2009;3430.0;350.0;1684.0;2841.0;5000.0;1538.0;2704;3606.0;2205.0;190.0;5365.0;137;145.0;3237.0;199.0;4009
RN;2009;612.0;57.0;132.0;455.0;743.0;115.0;434;2470.0;379.0;38.0;800.0;21;17.0;574.0;30.0;620
RO;2009;373.0;51.0;142.0;231.0;486.0;127.0;208;325.0;172.0;35.0;538.0;23;15.0;338.0;28.0;353
RR;2009;78.0;24.0;37.0;52.0;94.0;26.0;43;1519.0;13.0;12.0;118.0;9;11.0;66.0;4.0;27
RS;2009;445.0;225.0;1775.0;1081.0;2017.0;1589.0;980;471.0;858.0;36.0;2242.0;101;186.0;409.0;126.0;1645
SC;2009;115.0;93.0;687.0;429.0;726.0;605.0;391;401.0;312.0;8.0;820.0;38;82.0;107.0;39.0;511
SE;2009;475.0;36.0;74.0;324.0;617.0;65.0;311;1183.0;244.0;21.0;653.0;13;9.0;454.0;16.0;451
SP;2009;2618.0;660.0;3799.0;2940.0;5882.0;3382.0;2692;528.0;1974.0;230.0;6557.0;248;413.0;2385.0;235.0;3851
TO;2009;231.0;31.0;55.0;135.0;258.0;47.0;120;623.0;64.0;23.0;289.0;15;8.0;208.0;12.0;128
AC;2010;96.0;19.0;28.0;74.0;146.0;25.0;67;56.0;34.0;13.0;165.0;7;3.0;83.0;7.0;63
AL;2010;1696.0;137.0;48.0;1287.0;1950.0;42.0;1223;607.0;1118.0;104.0;2087.0;64;6.0;1592.0;88.0;1721
AM;2010;980.0;65.0;76.0;634.0;1017.0;71.0;602;2373.0;405.0;60.0;1082.0;32;5.0;920.0;28.0;635
AP;2010;205.0;16.0;28.0;168.0;244.0;26.0;164;27.0;72.0;14.0;260.0;4;2.0;191.0;5.0;103
BA;2010;5145.0;438.0;374.0;3571.0;5398.0;332.0;3357;98.0;2938.0;361.0;5844.0;214;42.0;4781.0;235.0;4439
CE;2010;1711.0;173.0;299.0;1494.0;2515.0;272.0;1432;122.0;1219.0;111.0;2688.0;62;27.0;1600.0;103.0;2057
DF;2010;680.0;66.0;100.0;452.0;720.0;85.0;420;785.0;379.0;50.0;786.0;32;15.0;630.0;42.0;576
ES;2010;1299.0;174.0;265.0;1036.0;1618.0;231.0;957;191.0;875.0;128.0;1792.0;79;34.0;1171.0;94.0;1359
GO;2010;1533.0;182.0;397.0;1088.0;1795.0;349.0;1003;1954.0;803.0;128.0;1979.0;85;48.0;1403.0;80.0;1317
MA;2010;1341.0;117.0;151.0;837.0;1402.0;133.0;785;578.0;480.0;99.0;1519.0;52;18.0;1242.0;42.0;827
MG;2010;2515.0;409.0;938.0;1956.0;3236.0;797.0;1772;1633.0;1523.0;259.0;3646.0;184;141.0;2256.0;197.0;2456
MS;2010;374.0;76.0;271.0;292.0;579.0;238.0;267;2497.0;186.0;38.0;656.0;25;33.0;336.0;21.0;344
MT;2010;722.0;80.0;243.0;462.0;890.0;217.0;434;1129.0;310.0;54.0;972.0;28;26.0;667.0;27.0;566
PA;2010;3198.0;231.0;266.0;1935.0;3286.0;236.0;1819;434.0;1469.0;197.0;3521.0;115;30.0;2998.0;126.0;2502
PB;2010;1325.0;119.0;56.0;834.0;1336.0;48.0;782;4201.0;733.0;98.0;1455.0;52;8.0;1227.0;79.0;1208
PE;2010;3000.0;247.0;257.0;1977.0;3226.0;228.0;1858;1265.0;1612.0;197.0;3473.0;119;29.0;2803.0;152.0;2649
PI;2010;327.0;40.0;55.0;195.0;371.0;45.0;184;3912.0;115.0;28.0;411.0;11;10.0;299.0;16.0;207
PR;2010;670.0;338.0;2871.0;1970.0;3248.0;2588.0;1805;2259.0;1621.0;51.0;3586.0;165;283.0;619.0;189.0;2630
RJ;2010;3684.0;339.0;1738.0;3020.0;5310.0;1610.0;2888;3233.0;2261.0;196.0;5667.0;132;128.0;3484.0;191.0;4111
RN;2010;633.0;71.0;111.0;439.0;739.0;98.0;408;2441.0;349.0;51.0;810.0;31;13.0;582.0;33.0;611
RO;2010;388.0;37.0;142.0;226.0;508.0;131.0;216;333.0;162.0;23.0;546.0;10;11.0;364.0;17.0;351
RR;2010;102.0;11.0;13.0;52.0;110.0;11.0;45;1376.0;12.0;9.0;121.0;7;2.0;93.0;2.0;29
RS;2010;436.0;227.0;1623.0;983.0;1856.0;1438.0;891;441.0;787.0;38.0;2085.0;92;185.0;398.0;119.0;1496
SC;2010;129.0;110.0;673.0;380.0;712.0;578.0;338;322.0;255.0;15.0;823.0;42;94.0;114.0;42.0;483
SE;2010;569.0;43.0;58.0;351.0;633.0;52.0;332;1237.0;264.0;36.0;676.0;19;6.0;533.0;18.0;452
SP;2010;2442.0;678.0;3336.0;2671.0;5355.0;2911.0;2389;538.0;1793.0;223.0;6039.0;281;424.0;2219.0;232.0;3469
TO;2010;280.0;34.0;41.0;178.0;293.0;38.0;160;534.0;68.0;30.0;327.0;18;3.0;250.0;9.0;131
AC;2011;99.0;18.0;16.0;73.0;146.0;12.0;64;45.0;26.0;11.0;164.0;9;4.0;88.0;5.0;50
AL;2011;2013.0;138.0;74.0;1321.0;2106.0;67.0;1260;847.0;1178.0;114.0;2244.0;61;7.0;1899.0;94.0;1913
AM;2011;1131.0;81.0;146.0;791.0;1210.0;131.0;762;1968.0;590.0;66.0;1292.0;29;15.0;1065.0;32.0;879
AP;2011;179.0;19.0;27.0;122.0;190.0;24.0;112;25.0;53.0;16.0;209.0;10;3.0;163.0;9.0;80
BA;2011;4780.0;449.0;415.0;3221.0;5089.0;374.0;3017;71.0;2636.0;375.0;5549.0;204;40.0;4402.0;250.0;4170
CE;2011;1647.0;189.0;275.0;1568.0;2603.0;251.0;1485;145.0;1257.0;106.0;2792.0;83;24.0;1541.0;119.0;2063
DF;2011;784.0;79.0;110.0;493.0;823.0;94.0;455;893.0;405.0;61.0;902.0;38;16.0;723.0;44.0;657
ES;2011;1209.0;167.0;241.0;1005.0;1505.0;201.0;918;241.0;887.0;104.0;1672.0;87;40.0;1105.0;105.0;1352
GO;2011;1721.0;262.0;459.0;1201.0;2005.0;392.0;1098;1944.0;941.0;182.0;2272.0;103;67.0;1537.0;129.0;1579
MA;2011;1364.0;131.0;204.0;820.0;1460.0;184.0;765;744.0;515.0;109.0;1591.0;55;20.0;1255.0;51.0;944
MG;2011;2906.0;457.0;1226.0;2250.0;3804.0;1061.0;2058;1819.0;1831.0;283.0;4262.0;192;165.0;2622.0;220.0;3000
MS;2011;416.0;78.0;252.0;307.0;595.0;214.0;274;2393.0;194.0;40.0;673.0;33;38.0;376.0;35.0;368
MT;2011;740.0;87.0;254.0;474.0;920.0;227.0;439;1271.0;320.0;60.0;1009.0;35;27.0;679.0;34.0;602
PA;2011;2787.0;186.0;245.0;1758.0;2881.0;217.0;1679;493.0;1292.0;154.0;3073.0;79;27.0;2629.0;106.0;2077
PB;2011;1441.0;140.0;83.0;915.0;1474.0;65.0;847;3913.0;820.0;117.0;1614.0;68;18.0;1324.0;108.0;1379
PE;2011;3013.0;261.0;222.0;1928.0;3202.0;200.0;1810;1247.0;1538.0;223.0;3471.0;116;21.0;2790.0;143.0;2541
PI;2011;355.0;32.0;55.0;223.0;408.0;51.0;212;3228.0;147.0;28.0;440.0;11;4.0;327.0;10.0;251
PR;2011;654.0;283.0;2660.0;1786.0;3086.0;2440.0;1668;2779.0;1410.0;55.0;3376.0;118;220.0;599.0;139.0;2365
RJ;2011;3161.0;366.0;1448.0;2409.0;4403.0;1319.0;2264;3068.0;1818.0;223.0;4781.0;145;127.0;2933.0;177.0;3411
RN;2011;813.0;76.0;151.0;596.0;978.0;140.0;559;2222.0;481.0;56.0;1054.0;37;11.0;757.0;44.0;788
RO;2011;321.0;48.0;116.0;187.0;401.0;102.0;168;263.0;130.0;31.0;450.0;19;14.0;290.0;22.0;286
RR;2011;74.0;10.0;15.0;39.0;84.0;14.0;35;1413.0;10.0;9.0;95.0;4;1.0;65.0;0.0;25
RS;2011;448.0;202.0;1605.0;1018.0;1869.0;1424.0;926;450.0;829.0;21.0;2077.0;92;180.0;427.0;114.0;1531
SC;2011;128.0;74.0;675.0;389.0;737.0;607.0;355;333.0;273.0;5.0;811.0;34;68.0;123.0;33.0;483
SE;2011;671.0;60.0;58.0;371.0;671.0;49.0;343;1446.0;292.0;50.0;731.0;28;9.0;621.0;30.0;523
SP;2011;2473.0;580.0;3189.0;2505.0;5257.0;2808.0;2304;568.0;1643.0;179.0;5842.0;201;380.0;2293.0;192.0;3262
TO;2011;288.0;49.0;62.0;160.0;311.0;51.0;137;613.0;78.0;36.0;361.0;23;11.0;252.0;13.0;158
AC;2012;171.0;16.0;18.0;101.0;192.0;17.0;95;81.0;45.0;14.0;208.0;6;1.0;157.0;4.0;85
AL;2012;1905.0;133.0;85.0;1231.0;1913.0;73.0;1166;803.0;1099.0;116.0;2046.0;65;12.0;1789.0;100.0;1737
AM;2012;1183.0;118.0;150.0;732.0;1225.0;121.0;684;2013.0;508.0;89.0;1344.0;48;28.0;1094.0;52.0;855
AP;2012;215.0;17.0;21.0;164.0;236.0;19.0;156;29.0;81.0;15.0;253.0;8;2.0;200.0;6.0;117
BA;2012;5358.0;437.0;437.0;3662.0;5702.0;395.0;3460;111.0;2930.0;368.0;6148.0;202;42.0;4989.0;262.0;4594
CE;2012;1921.0;219.0;249.0;2329.0;3621.0;223.0;2235;160.0;2031.0;110.0;3841.0;94;26.0;1811.0;142.0;3135
DF;2012;849.0;77.0;94.0;517.0;875.0;83.0;480;1111.0;432.0;63.0;954.0;37;11.0;785.0;42.0;725
ES;2012;1342.0;163.0;192.0;969.0;1504.0;175.0;887;293.0;866.0;137.0;1667.0;82;17.0;1205.0;106.0;1335
GO;2012;2134.0;247.0;578.0;1518.0;2540.0;511.0;1394;2992.0;1195.0;171.0;2793.0;124;67.0;1963.0;133.0;1955
MA;2012;1555.0;114.0;188.0;952.0;1662.0;172.0;910;824.0;653.0;96.0;1777.0;42;16.0;1459.0;41.0;1152
MG;2012;3200.0;460.0;1250.0;2512.0;4100.0;1102.0;2296;1637.0;2031.0;303.0;4562.0;216;148.0;2896.0;216.0;3228
MS;2012;447.0;77.0;228.0;291.0;606.0;196.0;267;2358.0;175.0;45.0;683.0;24;32.0;402.0;13.0;337
MT;2012;794.0;100.0;253.0;544.0;972.0;218.0;498;1135.0;375.0;62.0;1074.0;46;35.0;732.0;37.0;641
PA;2012;2942.0;232.0;248.0;1799.0;2993.0;221.0;1684;618.0;1310.0;202.0;3236.0;114;27.0;2738.0;119.0;2138
PB;2012;1295.0;137.0;89.0;901.0;1388.0;81.0;842;4329.0;767.0;119.0;1525.0;59;8.0;1176.0;89.0;1224
PE;2012;2991.0;216.0;182.0;1815.0;3106.0;161.0;1719;1229.0;1448.0;185.0;3327.0;95;21.0;2805.0;116.0;2475
PI;2012;453.0;46.0;50.0;269.0;479.0;45.0;249;3281.0;181.0;40.0;525.0;20;5.0;413.0;18.0;311
PR;2012;758.0;321.0;2657.0;1870.0;3162.0;2408.0;1732;3012.0;1476.0;68.0;3489.0;138;248.0;690.0;166.0;2433
RJ;2012;3228.0;365.0;1367.0;2397.0;4386.0;1241.0;2268;3639.0;1900.0;223.0;4772.0;129;125.0;2999.0;184.0;3472
RN;2012;861.0;64.0;191.0;649.0;1060.0;175.0;625;2262.0;542.0;42.0;1124.0;24;16.0;819.0;32.0;856
RO;2012;374.0;51.0;137.0;230.0;475.0;124.0;207;312.0;164.0;36.0;526.0;23;13.0;338.0;26.0;338
RR;2012;100.0;17.0;42.0;70.0;126.0;31.0;65;1602.0;17.0;7.0;144.0;5;10.0;93.0;3.0;32
RS;2012;514.0;247.0;1819.0;1149.0;2135.0;1617.0;1041;454.0;918.0;39.0;2382.0;108;202.0;475.0;135.0;1737
SC;2012;174.0;104.0;638.0;407.0;717.0;553.0;368;324.0;284.0;18.0;821.0;39;85.0;156.0;37.0;491
SE;2012;800.0;62.0;74.0;474.0;817.0;65.0;451;1820.0;385.0;52.0;879.0;23;9.0;748.0;30.0;648
SP;2012;2885.0;640.0;3520.0;2875.0;5920.0;3150.0;2657;604.0;1957.0;257.0;6566.0;218;370.0;2627.0;205.0;3848
TO;2012;306.0;49.0;59.0;182.0;330.0;50.0;165;682.0;97.0;40.0;379.0;17;9.0;266.0;18.0;178
AC;2013;194.0;32.0;23.0;119.0;202.0;20.0;107;86.0;58.0;29.0;234.0;12;3.0;165.0;9.0;95
AL;2013;1962.0;142.0;113.0;1313.0;2005.0;94.0;1250;662.0;1177.0;117.0;2148.0;62;18.0;1845.0;103.0;1860
AM;2013;1026.0;96.0;144.0;659.0;1095.0;122.0;628;2099.0;443.0;71.0;1191.0;31;22.0;955.0;33.0;695
AP;2013;177.0;19.0;27.0;147.0;206.0;25.0;139;65.0;69.0;15.0;225.0;8;2.0;162.0;6.0;104
BA;2013;5072.0;423.0;372.0;3338.0;5260.0;330.0;3142;98.0;2727.0;362.0;5694.0;196;42.0;4709.0;241.0;4287
CE;2013;2213.0;278.0;266.0;2705.0;4195.0;232.0;2558;133.0;2377.0;125.0;4473.0;147;34.0;2088.0;200.0;3655
DF;2013;747.0;78.0;81.0;465.0;759.0;69.0;430;1338.0;382.0;66.0;837.0;35;12.0;681.0;39.0;593
ES;2013;1311.0;171.0;237.0;985.0;1451.0;201.0;905;342.0;869.0;129.0;1622.0;80;36.0;1182.0;114.0;1290
GO;2013;2268.0;271.0;624.0;1598.0;2698.0;557.0;1484;3455.0;1293.0;191.0;2975.0;114;66.0;2076.0;141.0;2138
MA;2013;1895.0;131.0;208.0;1171.0;2031.0;184.0;1114;1094.0;790.0;107.0;2163.0;57;23.0;1788.0;58.0;1397
MG;2013;3350.0;427.0;1264.0;2595.0;4286.0;1118.0;2411;1756.0;2180.0;274.0;4717.0;183;145.0;3076.0;205.0;3468
MS;2013;400.0;75.0;226.0;265.0;555.0;192.0;243;2159.0;148.0;40.0;630.0;22;34.0;360.0;24.0;318
MT;2013;860.0;91.0;271.0;541.0;1064.0;243.0;515;1174.0;404.0;62.0;1158.0;26;28.0;798.0;34.0;745
PA;2013;3025.0;231.0;276.0;1785.0;3157.0;240.0;1691;701.0;1253.0;190.0;3405.0;93;35.0;2830.0;121.0;2229
PB;2013;1292.0;126.0;98.0;893.0;1424.0;86.0;829;4039.0;770.0;104.0;1551.0;64;12.0;1187.0;84.0;1258
PE;2013;2796.0;256.0;223.0;1709.0;2867.0;196.0;1589;1176.0;1357.0;224.0;3124.0;120;27.0;2572.0;139.0;2299
PI;2013;489.0;47.0;68.0;329.0;549.0;58.0;309;3365.0;234.0;36.0;598.0;20;10.0;451.0;22.0;365
PR;2013;599.0;283.0;2312.0;1538.0;2653.0;2089.0;1407;3262.0;1193.0;59.0;2936.0;131;223.0;540.0;124.0;2025
RJ;2013;3492.0;387.0;1443.0;2693.0;4687.0;1302.0;2554;3260.0;2014.0;236.0;5111.0;139;137.0;3247.0;185.0;3555
RN;2013;1124.0;89.0;198.0;883.0;1357.0;178.0;842;1901.0;743.0;59.0;1447.0;41;20.0;1064.0;54.0;1149
RO;2013;316.0;52.0;151.0;212.0;431.0;131.0;192;282.0;147.0;28.0;483.0;20;20.0;288.0;18.0;300
RR;2013;137.0;36.0;71.0;78.0;178.0;50.0;69;1602.0;31.0;14.0;214.0;9;21.0;123.0;5.0;70
RS;2013;487.0;210.0;1787.0;1078.0;2108.0;1614.0;995;405.0;903.0;33.0;2322.0;83;173.0;454.0;112.0;1714
SC;2013;117.0;102.0;659.0;369.0;686.0;577.0;326;294.0;233.0;16.0;789.0;43;82.0;101.0;36.0;442
SE;2013;877.0;56.0;84.0;520.0;908.0;76.0;494;1994.0;430.0;48.0;965.0;26;8.0;829.0;30.0;732
SP;2013;2676.0;620.0;3225.0;2552.0;5403.0;2823.0;2338;711.0;1694.0;215.0;6035.0;214;401.0;2459.0;174.0;3440
TO;2013;267.0;40.0;67.0;149.0;307.0;60.0;126;554.0;65.0;31.0;349.0;23;7.0;235.0;12.0;146
AC;2014;187.0;20.0;39.0;111.0;212.0;35.0;101;109.0;59.0;16.0;232.0;10;4.0;171.0;6.0;115
AL;2014;1947.0;125.0;75.0;1243.0;1960.0;71.0;1176;729.0;1117.0;118.0;2085.0;67;4.0;1829.0;85.0;1806
AM;2014;1102.0;80.0;105.0;678.0;1159.0;92.0;644;2170.0;451.0;64.0;1240.0;34;13.0;1038.0;33.0;762
AP;2014;232.0;20.0;15.0;162.0;236.0;14.0;149;43.0;99.0;19.0;256.0;13;1.0;213.0;8.0;152
BA;2014;5419.0;385.0;417.0;3553.0;5659.0;367.0;3405;144.0;2965.0;323.0;6052.0;148;50.0;5095.0;216.0;4671
CE;2014;2507.0;285.0;276.0;2831.0;4341.0;251.0;2696;162.0;2484.0;145.0;4626.0;135;25.0;2362.0;200.0;3795
DF;2014;710.0;60.0;118.0;453.0;783.0;105.0;427;1613.0;388.0;46.0;843.0;26;13.0;664.0;30.0;631
ES;2014;1316.0;140.0;243.0;958.0;1469.0;218.0;889;430.0;842.0;110.0;1609.0;69;25.0;1206.0;89.0;1292
GO;2014;2198.0;290.0;651.0;1568.0;2591.0;574.0;1439;3595.0;1299.0;212.0;2887.0;129;77.0;1986.0;153.0;2054
MA;2014;2179.0;152.0;236.0;1311.0;2307.0;215.0;1248;1246.0;962.0;129.0;2462.0;62;21.0;2048.0;75.0;1688
MG;2014;3412.0;403.0;1216.0;2573.0;4319.0;1075.0;2405;1721.0;2126.0;259.0;4724.0;168;141.0;3153.0;171.0;3377
MS;2014;432.0;85.0;258.0;322.0;615.0;218.0;283;2403.0;206.0;44.0;700.0;39;40.0;388.0;20.0;357
MT;2014;1022.0;111.0;311.0;636.0;1247.0;278.0;587;1171.0;463.0;76.0;1358.0;49;33.0;946.0;45.0;854
PA;2014;3135.0;249.0;216.0;1821.0;3189.0;194.0;1705;848.0;1331.0;221.0;3446.0;116;21.0;2912.0;132.0;2305
PB;2014;1342.0;117.0;85.0;869.0;1433.0;72.0;812;4451.0;759.0;98.0;1551.0;57;13.0;1244.0;81.0;1253
PE;2014;2907.0;239.0;377.0;1881.0;3113.0;344.0;1768;1203.0;1557.0;203.0;3358.0;113;33.0;2704.0;138.0;2543
PI;2014;589.0;63.0;44.0;392.0;654.0;40.0;369;3415.0;284.0;51.0;717.0;23;4.0;538.0;25.0;455
PR;2014;604.0;284.0;2344.0;1473.0;2694.0;2126.0;1356;3204.0;1184.0;63.0;2980.0;117;218.0;541.0;138.0;2071
RJ;2014;3954.0;464.0;1529.0;3027.0;5196.0;1364.0;2869;3335.0;2045.0;283.0;5718.0;157;164.0;3666.0;215.0;3642
RN;2014;1304.0;102.0;215.0;1002.0;1500.0;194.0;954;1932.0;883.0;71.0;1602.0;48;21.0;1233.0;68.0;1314
RO;2014;424.0;56.0;142.0;229.0;521.0;127.0;209;373.0;176.0;38.0;578.0;20;15.0;386.0;28.0;402
RR;2014;93.0;24.0;61.0;56.0;133.0;46.0;51;1926.0;22.0;10.0;158.0;5;14.0;83.0;4.0;47
RS;2014;628.0;250.0;2056.0;1323.0;2474.0;1860.0;1247;460.0;1083.0;51.0;2724.0;76;196.0;577.0;129.0;2055
SC;2014;159.0;111.0;728.0;402.0;794.0;640.0;361;337.0;254.0;21.0;905.0;41;88.0;138.0;39.0;499
SE;2014;1003.0;74.0;88.0;623.0;1023.0;79.0;596;1899.0;552.0;65.0;1097.0;27;9.0;938.0;50.0;898
SP;2014;2840.0;612.0;3205.0;2751.0;5561.0;2833.0;2542;809.0;1857.0;227.0;6185.0;209;371.0;2612.0;199.0;3541
TO;2014;296.0;35.0;71.0;188.0;342.0;64.0;173;601.0;101.0;29.0;381.0;14;6.0;267.0;13.0;176
AC;2015;183.0;19.0;30.0;105.0;198.0;25.0;94;111.0;65.0;14.0;217.0;11;5.0;169.0;5.0;116
AL;2015;1656.0;95.0;55.0;1049.0;1653.0;54.0;1009;886.0;928.0;90.0;1748.0;40;1.0;1566.0;61.0;1476
AM;2015;1338.0;115.0;118.0;809.0;1357.0;100.0;755;2389.0;549.0;96.0;1472.0;54;18.0;1242.0;44.0;930
AP;2015;264.0;18.0;15.0;165.0;275.0;12.0;159;50.0;96.0;13.0;293.0;6;3.0;251.0;7.0;154
BA;2015;5446.0;382.0;375.0;3559.0;5619.0;333.0;3408;147.0;2866.0;331.0;6012.0;151;42.0;5112.0;219.0;4555
CE;2015;2272.0;254.0;231.0;2450.0;3909.0;210.0;2350;263.0;2166.0;154.0;4163.0;100;21.0;2118.0;166.0;3393
DF;2015;598.0;58.0;133.0;382.0;682.0;120.0;360;1649.0;310.0;45.0;742.0;22;13.0;551.0;24.0;489
ES;2015;1168.0;141.0;187.0;830.0;1308.0;163.0;775;367.0;709.0;107.0;1450.0;55;24.0;1061.0;78.0;1093
GO;2015;2263.0;255.0;677.0;1618.0;2734.0;601.0;1516;3227.0;1328.0;176.0;2997.0;102;76.0;2087.0;134.0;2161
MA;2015;2118.0;148.0;267.0;1257.0;2286.0;240.0;1200;1181.0;968.0;115.0;2438.0;56;27.0;2003.0;67.0;1718
MG;2015;3300.0;415.0;1149.0;2378.0;4114.0;1009.0;2213;1415.0;1972.0;267.0;4532.0;165;139.0;3033.0;204.0;3214
MS;2015;405.0;58.0;225.0;264.0;576.0;205.0;241;2930.0;171.0;38.0;634.0;23;20.0;367.0;19.0;316
MT;2015;931.0;118.0;251.0;529.0;1082.0;221.0;481;1190.0;392.0;88.0;1203.0;48;30.0;843.0;50.0;769
PA;2015;3375.0;261.0;222.0;1936.0;3401.0;202.0;1827;1055.0;1462.0;236.0;3675.0;109;20.0;3138.0;144.0;2539
PB;2015;1306.0;111.0;90.0;828.0;1406.0;76.0;771;4330.0;737.0;84.0;1522.0;57;14.0;1222.0;73.0;1264
PE;2015;3373.0;233.0;402.0;2143.0;3606.0;370.0;2036;1014.0;1823.0;198.0;3847.0;103;32.0;3173.0;128.0;3065
PI;2015;544.0;67.0;60.0;328.0;582.0;52.0;300;2978.0;232.0;56.0;650.0;28;8.0;487.0;33.0;400
PR;2015;660.0;244.0;2241.0;1471.0;2691.0;2048.0;1383;3010.0;1149.0;49.0;2936.0;88;193.0;611.0;94.0;1972
RJ;2015;3517.0;387.0;1390.0;2761.0;4651.0;1238.0;2627;2919.0;1835.0;233.0;5067.0;134;150.0;3283.0;196.0;3182
RN;2015;1283.0;92.0;156.0;939.0;1453.0;147.0;899;1877.0;804.0;76.0;1545.0;40;9.0;1207.0;57.0;1238
RO;2015;446.0;63.0;142.0;261.0;537.0;129.0;234;348.0;178.0;49.0;600.0;27;13.0;397.0;35.0;383
RR;2015;148.0;29.0;53.0;77.0;174.0;36.0;69;2124.0;30.0;10.0;203.0;8;17.0;138.0;7.0;57
RS;2015;656.0;284.0;2247.0;1391.0;2660.0;2024.0;1291;536.0;1189.0;55.0;2944.0;100;223.0;601.0;158.0;2282
SC;2015;203.0;97.0;741.0;442.0;860.0;662.0;407;297.0;308.0;18.0;957.0;35;79.0;185.0;34.0;570
SE;2015;1221.0;70.0;77.0;716.0;1233.0;72.0;693;2024.0;637.0;64.0;1303.0;23;5.0;1157.0;53.0;1108
SP;2015;2537.0;559.0;2765.0;2333.0;4860.0;2414.0;2164;718.0;1556.0;201.0;5427.0;169;349.0;2336.0;175.0;3097
TO;2015;381.0;48.0;100.0;243.0;454.0;92.0;227;465.0;152.0;39.0;503.0;16;8.0;342.0;13.0;276
AC;2016;307.0;23.0;43.0;194.0;340.0;39.0;181;215.0;127.0;19.0;363.0;13;4.0;288.0;11.0;226
AL;2016;1757.0;101.0;34.0;1079.0;1718.0;28.0;1038;748.0;959.0;91.0;1820.0;41;6.0;1665.0;72.0;1546
AM;2016;1324.0;116.0;106.0;782.0;1335.0;84.0;729;2866.0;480.0;93.0;1452.0;53;22.0;1231.0;43.0;791
AP;2016;362.0;17.0;13.0;233.0;364.0;11.0;228;65.0;153.0;15.0;381.0;5;2.0;347.0;7.0;222
BA;2016;6512.0;441.0;442.0;4358.0;6728.0;392.0;4165;215.0;3509.0;379.0;7171.0;193;50.0;6132.0;261.0;5449
CE;2016;2512.0;218.0;209.0;2102.0;3424.0;195.0;1999;298.0;1794.0;149.0;3642.0;103;14.0;2363.0;139.0;2908
DF;2016;622.0;64.0;132.0;409.0;696.0;121.0;379;1540.0;336.0;53.0;760.0;30;11.0;569.0;31.0;516
ES;2016;1024.0;104.0;144.0;707.0;1166.0;126.0;670;417.0;622.0;81.0;1270.0;37;18.0;943.0;57.0;968
GO;2016;2349.0;238.0;638.0;1675.0;2789.0;582.0;1575;2769.0;1346.0;180.0;3036.0;99;54.0;2168.0;128.0;2143
MA;2016;2097.0;159.0;271.0;1212.0;2247.0;247.0;1157;1493.0;873.0;133.0;2408.0;55;24.0;1963.0;84.0;1625
MG;2016;3346.0;375.0;1177.0;2513.0;4246.0;1054.0;2365;1473.0;2047.0;247.0;4622.0;148;122.0;3099.0;169.0;3321
MS;2016;415.0;80.0;245.0;274.0;591.0;211.0;248;3328.0;159.0;46.0;671.0;26;34.0;369.0;25.0;326
MT;2016;922.0;104.0;244.0;516.0;1074.0;218.0;480;998.0;386.0;77.0;1180.0;36;26.0;845.0;38.0;752
PA;2016;3871.0;294.0;257.0;2266.0;3921.0;243.0;2137;1220.0;1776.0;274.0;4223.0;129;14.0;3597.0;178.0;3048
PB;2016;1187.0;107.0;83.0;699.0;1248.0;68.0;654;5188.0;597.0;88.0;1355.0;45;15.0;1099.0;62.0;1060
PE;2016;3858.0;282.0;529.0;2512.0;4160.0;490.0;2381;911.0;2105.0;238.0;4447.0;131;39.0;3618.0;146.0;3475
PI;2016;606.0;50.0;48.0;367.0;650.0;45.0;350;3801.0;265.0;43.0;701.0;17;3.0;563.0;22.0;440
PR;2016;663.0;238.0;2370.0;1574.0;2841.0;2180.0;1494;3151.0;1224.0;44.0;3080.0;80;190.0;619.0;105.0;2125
RJ;2016;4363.0;428.0;1530.0;3386.0;5569.0;1383.0;3252;2562.0;2343.0;276.0;6053.0;134;142.0;4076.0;202.0;4019
RN;2016;1553.0;100.0;204.0;1129.0;1754.0;185.0;1079;2020.0;997.0;74.0;1854.0;50;19.0;1479.0;76.0;1569
RO;2016;517.0;54.0;176.0;261.0;649.0;158.0;246;438.0;185.0;34.0;703.0;15;18.0;483.0;27.0;465
RR;2016;155.0;25.0;47.0;92.0;179.0;33.0;83;2314.0;38.0;10.0;204.0;9;14.0;145.0;7.0;72
RS;2016;757.0;308.0;2413.0;1608.0;2913.0;2163.0;1487;561.0;1352.0;50.0;3225.0;121;250.0;707.0;190.0;2507
SC;2016;240.0;107.0;734.0;475.0;877.0;654.0;437;301.0;344.0;27.0;984.0;38;80.0;213.0;50.0;611
SE;2016;1384.0;60.0;78.0;869.0;1404.0;73.0;847;2012.0;789.0;54.0;1465.0;22;5.0;1330.0;39.0;1259
SP;2016;2219.0;507.0;2586.0;2017.0;4358.0;2284.0;1860;713.0;1334.0;200.0;4870.0;157;302.0;2017.0;156.0;2720
TO;2016;456.0;45.0;97.0;281.0;532.0;87.0;263;485.0;182.0;30.0;577.0;18;10.0;426.0;14.0;312
AC;2017;428.0;34.0;77.0;297.0;481.0;68.0;281;366.0;236.0;24.0;516.0;16;9.0;404.0;17.0;384
AL;2017;1740.0;111.0;30.0;1134.0;1702.0;29.0;1091;924.0;993.0;104.0;1813.0;43;1.0;1636.0;77.0;1526
AM;2017;1516.0;115.0;146.0;943.0;1559.0;130.0;897;3157.0;605.0;98.0;1674.0;46;16.0;1418.0;51.0;975
AP;2017;351.0;27.0;24.0;236.0;356.0;22.0;224;89.0;112.0;23.0;383.0;12;2.0;328.0;9.0;177
BA;2017;6798.0;487.0;484.0;4522.0;6986.0;428.0;4313;168.0;3444.0;417.0;7487.0;208;55.0;6377.0;286.0;5427
CE;2017;4905.0;374.0;323.0;3348.0;5059.0;291.0;3146;299.0;3030.0;325.0;5433.0;202;32.0;4580.0;282.0;4698
DF;2017;486.0;46.0;121.0;325.0;564.0;109.0;308;1425.0;256.0;34.0;610.0;17;12.0;452.0;25.0;401
ES;2017;1214.0;151.0;187.0;848.0;1369.0;161.0;789;351.0;771.0;116.0;1521.0;59;26.0;1098.0;89.0;1227
GO;2017;2284.0;256.0;561.0;1601.0;2638.0;501.0;1491;4416.0;1286.0;190.0;2901.0;110;59.0;2094.0;129.0;2057
MA;2017;1968.0;127.0;181.0;1112.0;2051.0;169.0;1063;1804.0;822.0;113.0;2180.0;49;12.0;1855.0;56.0;1483
MG;2017;3146.0;388.0;1096.0;2217.0;3911.0;974.0;2088;1449.0;1814.0;261.0;4299.0;129;122.0;2885.0;146.0;3067
MS;2017;418.0;61.0;237.0;275.0;597.0;209.0;250;4287.0;158.0;33.0;659.0;25;28.0;385.0;21.0;327
MT;2017;850.0;92.0;244.0;463.0;1010.0;222.0;432;1003.0;332.0;70.0;1102.0;31;22.0;780.0;40.0;669
PA;2017;4144.0;311.0;329.0;2451.0;4255.0;308.0;2322;1049.0;1939.0;286.0;4575.0;129;21.0;3858.0;202.0;3362
PB;2017;1227.0;88.0;96.0;709.0;1253.0;85.0;668;5136.0;591.0;76.0;1341.0;41;11.0;1151.0;51.0;1054
PE;2017;4720.0;310.0;630.0;3167.0;5104.0;580.0;3029;1137.0;2756.0;257.0;5419.0;136;50.0;4462.0;189.0;4478
PI;2017;549.0;52.0;55.0;313.0;573.0;46.0;293;4174.0;220.0;39.0;626.0;20;9.0;509.0;25.0;376
PR;2017;680.0;247.0;2045.0;1361.0;2511.0;1838.0;1263;2921.0;1021.0;33.0;2759.0;98;207.0;647.0;110.0;1832
RJ;2017;4650.0;401.0;1634.0;3576.0;5956.0;1497.0;3439;2354.0;2560.0;260.0;6416.0;137;136.0;4378.0;219.0;4411
RN;2017;1928.0;148.0;195.0;1366.0;2054.0;178.0;1279;1722.0;1250.0;129.0;2203.0;87;17.0;1798.0;122.0;1927
RO;2017;397.0;62.0;145.0;228.0;491.0;123.0;206;342.0;179.0;40.0;554.0;22;22.0;357.0;30.0;373
RR;2017;185.0;27.0;61.0;100.0;221.0;50.0;87;2403.0;44.0;16.0;248.0;13;11.0;169.0;4.0;93
RS;2017;833.0;302.0;2449.0;1639.0;3014.0;2211.0;1525;618.0;1405.0;61.0;3316.0;114;238.0;772.0;188.0;2591
SC;2017;270.0;109.0;787.0;527.0;957.0;701.0;480;305.0;360.0;23.0;1066.0;47;86.0;247.0;35.0;653
SE;2017;1232.0;77.0;79.0;767.0;1236.0;67.0;728;1924.0;690.0;64.0;1313.0;39;12.0;1168.0;57.0;1106
SP;2017;2168.0;495.0;2415.0;1955.0;4134.0;2094.0;1798;629.0;1233.0;166.0;4631.0;157;321.0;2002.0;163.0;2518
TO;2017;437.0;38.0;103.0;303.0;517.0;96.0;282;376.0;195.0;30.0;557.0;21;7.0;407.0;18.0;318
AC;2018;350.0;35.0;49.0;235.0;374.0;43.0;222;289.0;189.0;28.0;409.0;13;6.0;322.0;22.0;311
AL;2018;1175.0;67.0;25.0;843.0;1374.0;22.0;818;910.0;727.0;55.0;1441.0;25;3.0;1120.0;44.0;1179
AM;2018;1410.0;127.0;121.0;859.0;1415.0;106.0;795;3231.0;599.0;110.0;1542.0;64;15.0;1300.0;51.0;961
AP;2018;389.0;15.0;26.0;279.0;411.0;24.0;273;171.0;162.0;12.0;426.0;6;2.0;377.0;9.0;241
BA;2018;6089.0;427.0;430.0;4141.0;6351.0;386.0;3956;232.0;3163.0;369.0;6787.0;185;44.0;5717.0;257.0;4977
CE;2018;4477.0;475.0;388.0;2812.0;4425.0;341.0;2561;302.0;2532.0;426.0;4900.0;251;47.0;4051.0;379.0;4204
DF;2018;408.0;55.0;115.0;271.0;473.0;97.0;257;1233.0;210.0;35.0;530.0;13;18.0;372.0;20.0;329
ES;2018;964.0;100.0;131.0;618.0;1063.0;111.0;577;358.0;548.0;76.0;1165.0;41;20.0;887.0;55.0;891
GO;2018;2086.0;220.0;545.0;1442.0;2448.0;482.0;1354;3825.0;1168.0;154.0;2675.0;88;63.0;1929.0;117.0;1860
MA;2018;1767.0;122.0;181.0;976.0;1856.0;170.0;935;1561.0;698.0;109.0;1982.0;41;11.0;1656.0;50.0;1284
MG;2018;2506.0;349.0;833.0;1626.0;3022.0;728.0;1497;1135.0;1303.0;241.0;3372.0;129;105.0;2265.0;137.0;2237
MS;2018;358.0;66.0;210.0;239.0;506.0;182.0;214;3227.0;119.0;38.0;572.0;25;28.0;320.0;21.0;243
MT;2018;766.0;88.0;209.0;425.0;901.0;193.0;395;949.0;295.0;71.0;989.0;30;16.0;695.0;31.0;566
PA;2018;4113.0;323.0;301.0;2418.0;4185.0;269.0;2285;934.0;2004.0;282.0;4528.0;132;32.0;3827.0;197.0;3439
PB;2018;1156.0;82.0;65.0;652.0;1161.0;55.0;618;4714.0;557.0;71.0;1244.0;34;10.0;1085.0;56.0;1006
PE;2018;3578.0;240.0;555.0;2269.0;3942.0;509.0;2168;836.0;1979.0;189.0;4190.0;101;46.0;3387.0;137.0;3369
PI;2018;531.0;52.0;46.0;310.0;565.0;41.0;289;4056.0;213.0;43.0;619.0;21;5.0;488.0;14.0;373
PR;2018;670.0;211.0;1747.0;1155.0;2232.0;1601.0;1079;2100.0;813.0;63.0;2443.0;76;146.0;607.0;89.0;1520
RJ;2018;4705.0;380.0;1619.0;3724.0;6013.0;1488.0;3574;1891.0;2513.0;242.0;6455.0;150;130.0;4448.0;198.0;4261
RN;2018;1594.0;102.0;207.0;1067.0;1723.0;193.0;1024;1431.0;1007.0;85.0;1825.0;43;14.0;1509.0;78.0;1639
RO;2018;351.0;42.0;118.0;184.0;432.0;103.0;168;279.0;138.0;28.0;476.0;16;14.0;323.0;20.0;300
RR;2018;308.0;53.0;103.0;224.0;360.0;76.0;207;1927.0;124.0;26.0;414.0;17;26.0;282.0;9.0;181
RS;2018;673.0;256.0;1987.0;1291.0;2441.0;1786.0;1189;411.0;1094.0;54.0;2699.0;102;201.0;619.0;147.0;2075
SC;2018;174.0;91.0;665.0;393.0;751.0;591.0;356;222.0;249.0;17.0;843.0;37;74.0;157.0;32.0;444
SE;2018;1079.0;40.0;54.0;663.0;1093.0;48.0;653;1741.0;603.0;34.0;1133.0;10;6.0;1045.0;25.0;959
SP;2018;1747.0;454.0;1909.0;1461.0;3269.0;1642.0;1322;535.0;959.0;176.0;3727.0;139;267.0;1571.0;116.0;2009
TO;2018;466.0;47.0;90.0;296.0;520.0;81.0;278;308.0;191.0;36.0;570.0;18;9.0;430.0;19.0;321
AC;2019;277.0;32.0;35.0;174.0;290.0;30.0;163;205.0;123.0;25.0;325.0;11;5.0;252.0;17.0;222
AL;2019;1082.0;90.0;9.0;620.0;1025.0;9.0;581;930.0;507.0;89.0;1115.0;39;0.0;993.0;47.0;833
AM;2019;1377.0;118.0;197.0;917.0;1472.0;172.0;861;2200.0;628.0;93.0;1592.0;56;25.0;1284.0;49.0;981
AP;2019;347.0;19.0;9.0;251.0;342.0;8.0;242;77.0;167.0;17.0;361.0;9;1.0;330.0;10.0;228
BA;2019;5622.0;396.0;333.0;3599.0;5717.0;303.0;3416;218.0;2880.0;358.0;6118.0;183;30.0;5264.0;250.0;4596
CE;2019;2235.0;221.0;170.0;1285.0;2196.0;149.0;1179;234.0;1108.0;199.0;2417.0;106;21.0;2036.0;159.0;1900
DF;2019;375.0;55.0;101.0;244.0;425.0;83.0;226;1028.0;169.0;36.0;480.0;18;18.0;339.0;20.0;257
ES;2019;875.0;97.0;103.0;569.0;946.0;90.0;538;331.0;501.0;73.0;1043.0;31;13.0;802.0;42.0;781
GO;2019;1742.0;161.0;465.0;1188.0;2089.0;422.0;1131;1741.0;881.0;115.0;2253.0;57;43.0;1627.0;67.0;1457
MA;2019;1498.0;114.0;186.0;801.0;1584.0;165.0;753;1106.0;567.0;93.0;1704.0;47;19.0;1402.0;44.0;1074
MG;2019;2145.0;295.0;734.0;1349.0;2598.0;648.0;1252;786.0;1083.0;207.0;2893.0;97;86.0;1938.0;120.0;1878
MS;2019;306.0;61.0;181.0;191.0;430.0;146.0;174;2584.0;98.0;26.0;491.0;17;35.0;280.0;14.0;216
MT;2019;696.0;84.0;185.0;366.0;808.0;157.0;336;682.0;247.0;56.0;895.0;30;27.0;639.0;33.0;490
PA;2019;3093.0;232.0;222.0;1791.0;3155.0;201.0;1690;743.0;1359.0;204.0;3405.0;100;21.0;2887.0;135.0;2342
PB;2019;853.0;72.0;56.0;441.0;880.0;45.0;420;4343.0;371.0;53.0;953.0;21;11.0;800.0;39.0;722
PE;2019;2908.0;204.0;522.0;1882.0;3265.0;477.0;1791;739.0;1597.0;158.0;3474.0;91;45.0;2749.0;127.0;2713
PI;2019;489.0;47.0;54.0;243.0;520.0;43.0;226;2210.0;183.0;35.0;569.0;17;11.0;454.0;17.0;350
PR;2019;599.0;204.0;1477.0;960.0;1891.0;1332.0;892;1758.0;592.0;57.0;2095.0;68;145.0;542.0;86.0;1190
RJ;2019;2568.0;217.0;937.0;2013.0;3316.0;851.0;1936;1624.0;1381.0;131.0;3552.0;77;86.0;2435.0;107.0;2321
RN;2019;1194.0;98.0;127.0;760.0;1248.0;116.0;719;1104.0;700.0;84.0;1346.0;41;11.0;1110.0;75.0;1181
RO;2019;327.0;43.0;114.0;154.0;401.0;103.0;140;250.0;102.0;31.0;447.0;14;11.0;295.0;13.0;264
RR;2019;167.0;33.0;62.0;99.0;201.0;48.0;88;1468.0;46.0;19.0;234.0;11;14.0;148.0;6.0;83
RS;2019;515.0;236.0;1623.0;996.0;1946.0;1446.0;909;335.0;823.0;52.0;2184.0;87;177.0;463.0;132.0;1602
SC;2019;189.0;114.0;574.0;338.0;653.0;488.0;292;202.0;203.0;26.0;767.0;46;86.0;163.0;46.0;381
SE;2019;934.0;53.0;39.0;556.0;920.0;36.0;537;1390.0;477.0;50.0;973.0;19;3.0;884.0;28.0;771
SP;2019;1684.0;405.0;1626.0;1316.0;2954.0;1377.0;1194;457.0;854.0;149.0;3361.0;122;249.0;1535.0;118.0;1742
TO;2019;369.0;36.0;76.0;224.0;420.0;73.0;211;237.0;150.0;32.0;456.0;13;3.0;337.0;16.0;250
AC;2020;253.0;27.0;38.0;164.0;273.0;32.0;149;211.0;134.0;21.0;304.0;15;6.0;232.0;16.0;228
AL;2020;1253.0;89.0;10.0;760.0;1203.0;10.0;721;743.0;546.0;88.0;1292.0;39;0.0;1165.0;42.0;869
AM;2020;1159.0;85.0;143.0;725.0;1241.0;125.0;680;1782.0;485.0;66.0;1326.0;45;18.0;1093.0;39.0;782
AP;2020;366.0;22.0;18.0;244.0;365.0;17.0;234;95.0;147.0;21.0;387.0;10;1.0;345.0;12.0;222
BA;2020;6511.0;444.0;403.0;4250.0;6627.0;360.0;4032;210.0;3200.0;387.0;7076.0;218;43.0;6124.0;279.0;5088
CE;2020;3752.0;319.0;222.0;2344.0;3672.0;201.0;2189;262.0;2123.0;295.0;3992.0;155;21.0;3457.0;253.0;3443
DF;2020;326.0;35.0;122.0;219.0;418.0;107.0;207;1379.0;144.0;20.0;453.0;12;15.0;306.0;16.0;248
ES;2020;943.0;101.0;139.0;668.0;1122.0;122.0;618;411.0;578.0;78.0;1229.0;50;16.0;865.0;58.0;930
GO;2020;1687.0;134.0;440.0;1190.0;2040.0;404.0;1135;3189.0;876.0;93.0;2177.0;55;36.0;1594.0;54.0;1391
MA;2020;1860.0;140.0;217.0;1013.0;1961.0;201.0;960;1157.0;786.0;123.0;2103.0;53;16.0;1736.0;67.0;1447
MG;2020;1955.0;270.0;762.0;1287.0;2473.0;660.0;1201;827.0;980.0;166.0;2743.0;86;102.0;1789.0;99.0;1702
MS;2020;316.0;71.0;173.0;177.0;420.0;141.0;151;2943.0;90.0;38.0;491.0;26;32.0;278.0;25.0;207
MT;2020;770.0;105.0;207.0;430.0;878.0;182.0;395;863.0;309.0;79.0;987.0;35;25.0;689.0;40.0;584
PA;2020;2547.0;193.0;199.0;1454.0;2605.0;176.0;1369;795.0;1101.0;166.0;2809.0;84;23.0;2381.0;99.0;1886
PB;2020;1004.0;94.0;83.0;527.0;1047.0;67.0;487;4808.0;457.0;75.0;1141.0;40;16.0;929.0;56.0;919
PE;2020;3221.0;223.0;537.0;2059.0;3558.0;497.0;1957;869.0;1795.0;181.0;3786.0;101;40.0;3040.0;134.0;3079
PI;2020;562.0;54.0;76.0;333.0;615.0;66.0;312;2606.0;254.0;41.0;674.0;21;10.0;521.0;23.0;437
PR;2020;744.0;197.0;1517.0;1062.0;2083.0;1372.0;985;1603.0;706.0;52.0;2281.0;77;145.0;692.0;93.0;1411
RJ;2020;3606.0;285.0;1145.0;2554.0;4483.0;1056.0;2449;1677.0;1553.0;196.0;4831.0;104;85.0;3387.0;123.0;2740
RN;2020;1236.0;81.0;123.0;797.0;1324.0;110.0;758;1318.0;724.0;66.0;1406.0;39;13.0;1169.0;65.0;1222
RO;2020;350.0;54.0;101.0;141.0;402.0;89.0;126;239.0;94.0;39.0;456.0;15;12.0;311.0;17.0;256
RR;2020;166.0;35.0;68.0;102.0;199.0;48.0;92;1420.0;56.0;15.0;237.0;10;18.0;150.0;7.0;102
RS;2020;523.0;214.0;1541.0;932.0;1876.0;1377.0;859;341.0;768.0;49.0;2094.0;73;162.0;474.0;122.0;1545
SC;2020;186.0;86.0;539.0;316.0;646.0;472.0;285;182.0;190.0;18.0;732.0;31;67.0;168.0;31.0;372
SE;2020;928.0;43.0;50.0;562.0;938.0;44.0;544;1337.0;511.0;37.0;981.0;18;6.0;891.0;26.0;821
SP;2020;1651.0;397.0;1701.0;1258.0;2998.0;1453.0;1131;544.0;822.0;146.0;3396.0;127;248.0;1505.0;108.0;1785
TO;2020;399.0;35.0;76.0;246.0;448.0;70.0;231;232.0;164.0;29.0;484.0;15;6.0;370.0;16.0;278
AC;2021;184.0;28.0;20.0;94.0;176.0;18.0;84;112.0;67.0;26.0;205.0;10;2.0;158.0;6.0;118
AL;2021;1044.0;65.0;12.0;628.0;1005.0;12.0;604;1198.0;474.0;65.0;1070.0;24;0.0;979.0;29.0;736
AM;2021;1616.0;135.0;161.0;1051.0;1679.0;137.0;991;1833.0;813.0;111.0;1816.0;60;24.0;1505.0;73.0;1272
AP;2021;446.0;19.0;10.0;313.0;443.0;10.0;305;98.0;217.0;18.0;462.0;8;0.0;428.0;11.0;314
BA;2021;6703.0;463.0;402.0;4284.0;6740.0;351.0;4081;303.0;3267.0;401.0;7206.0;203;51.0;6302.0;292.0;5294
CE;2021;3205.0;336.0;251.0;1949.0;3135.0;215.0;1779;239.0;1768.0;299.0;3471.0;170;36.0;2906.0;264.0;2973
DF;2021;304.0;46.0;87.0;168.0;355.0;69.0;160;1376.0;112.0;27.0;401.0;8;18.0;277.0;15.0;193
ES;2021;963.0;125.0;151.0;567.0;1127.0;126.0;536;519.0;496.0;88.0;1253.0;30;25.0;874.0;62.0;892
GO;2021;1401.0;145.0;380.0;909.0;1664.0;333.0;860;2709.0;604.0;95.0;1812.0;48;47.0;1304.0;51.0;1012
MA;2021;1754.0;131.0;215.0;943.0;1868.0;197.0;896;975.0;736.0;110.0;1999.0;47;18.0;1644.0;71.0;1447
MG;2021;1847.0;249.0;699.0;1125.0;2327.0;611.0;1051;707.0;858.0;159.0;2577.0;74;88.0;1688.0;86.0;1594
MS;2021;388.0;66.0;160.0;208.0;484.0;135.0;193;2646.0;124.0;42.0;551.0;15;24.0;346.0;35.0;273
MT;2021;672.0;81.0;210.0;373.0;806.0;191.0;348;887.0;261.0;62.0;888.0;25;19.0;610.0;30.0;529
PA;2021;2611.0;208.0;169.0;1453.0;2627.0;152.0;1366;641.0;1106.0;185.0;2847.0;87;17.0;2425.0;100.0;1939
PB;2021;990.0;83.0;91.0;554.0;1061.0;76.0;522;5001.0;491.0;63.0;1144.0;32;15.0;927.0;43.0;930
PE;2021;2836.0;245.0;561.0;1752.0;3191.0;515.0;1644;829.0;1539.0;195.0;3439.0;107;45.0;2641.0;153.0;2801
PI;2021;664.0;68.0;79.0;371.0;695.0;66.0;343;2881.0;312.0;53.0;766.0;28;13.0;611.0;38.0;558
PR;2021;921.0;197.0;1408.0;1131.0;2149.0;1286.0;1048;1508.0;730.0;73.0;2348.0;83;122.0;848.0;82.0;1373
RJ;2021;3500.0;284.0;1144.0;2622.0;4381.0;1038.0;2527;1556.0;1726.0;179.0;4693.0;95;105.0;3312.0;112.0;2999
RN;2021;1055.0;70.0;106.0;600.0;1109.0;96.0;572;1290.0;545.0;59.0;1179.0;28;10.0;996.0;48.0;1023
RO;2021;395.0;54.0;135.0;206.0;482.0;117.0;190;320.0;154.0;36.0;536.0;16;18.0;359.0;27.0;347
RR;2021;193.0;20.0;64.0;116.0;238.0;56.0;105;1260.0;58.0;12.0;258.0;11;8.0;181.0;7.0;105
RS;2021;456.0;230.0;1406.0;771.0;1656.0;1223.0;703;342.0;639.0;45.0;1889.0;68;182.0;411.0;118.0;1379
SC;2021;172.0;92.0;530.0;290.0;620.0;451.0;265;238.0;180.0;11.0;712.0;25;79.0;161.0;33.0;375
SE;2021;742.0;37.0;47.0;435.0;751.0;44.0;420;960.0;394.0;34.0;790.0;14;3.0;707.0;21.0;662
SP;2021;1505.0;342.0;1537.0;1093.0;2742.0;1328.0;1007;498.0;741.0;131.0;3094.0;86;209.0;1373.0;92.0;1648
TO;2021;355.0;39.0;70.0;211.0;401.0;57.0;199;178.0;135.0;22.0;441.0;12;13.0;333.0;14.0;253
